DriverNumber,Abbreviation,TeamName,FirstName,LastName,CountryCode,Position,ClassifiedPosition,GridPosition,Q1,Q2,Q3,Time,Year,RoundNumber,RaceName,Country,Location,BestLap,AvgLap,Improvement,Abbreviation_encoded,TeamName_encoded,Country_encoded,Location_encoded,y_position,y_q3
1,VER,Red Bull Racing,Max,Verstappen,NED,1.0,,,0.5132716541515379,0.6235799615885897,0.8254770078297058,,2024,1,Bahrain Grand Prix,Bahrain,Sakhir,0.9624516380653446,0.6842754339794511,-0.06369204680255221,26,11,3,18,1.0,1
16,LEC,Ferrari,Charles,Leclerc,MON,2.0,,,0.5321807228165573,0.601574603015494,0.8554779152206442,,2024,1,Bahrain Grand Prix,Bahrain,Sakhir,0.9608205413649006,0.6930811481113666,-0.06565609334294742,13,4,3,18,2.0,1
63,RUS,Mercedes,George,Russell,GBR,3.0,,,0.5417244508691855,0.681278222344844,0.8657413835385974,,2024,1,Bahrain Grand Prix,Bahrain,Sakhir,0.9981027516607752,0.7289901641817751,-0.06209625898848275,21,8,3,18,3.0,1
55,SAI,Ferrari,Carlos,Sainz,ESP,4.0,,,0.5023900202971392,0.6445324321916819,0.8686362079359695,,2024,1,Bahrain Grand Prix,Bahrain,Sakhir,1.0006659036186174,0.6997140236912519,-0.1189308557511491,22,4,3,18,4.0,1
11,PER,Red Bull Racing,Sergio,Perez,MEX,5.0,,,0.5302184609739616,0.6823311103148493,0.8725836957505669,,2024,1,Bahrain Grand Prix,Bahrain,Sakhir,1.0041611108338557,0.7264361258837765,-0.0843145354766957,18,11,3,18,5.0,1
14,ALO,Aston Martin,Fernando,Alonso,ESP,6.0,,,0.5264723247290046,0.6685382779077885,0.8732416103863325,,2024,1,Bahrain Grand Prix,Bahrain,Sakhir,1.0047436453697283,0.7200319701514729,-0.09008392218910431,1,1,3,18,6.0,1
4,NOR,McLaren,Lando,Norris,GBR,7.0,,,0.5232613508047557,0.6832787094878535,0.8827155811413663,,2024,1,Bahrain Grand Prix,Bahrain,Sakhir,1.0131321426863005,0.72674108568055,-0.10334123633676799,16,7,3,18,7.0,1
81,PIA,McLaren,Oscar,Piastri,AUS,8.0,,,0.5578685142105484,0.7023359817449372,0.8917948031149403,,2024,1,Bahrain Grand Prix,Bahrain,Sakhir,1.021171119281349,0.7510616294734611,-0.06418305843765144,19,7,3,18,8.0,1
44,HAM,Mercedes,Lewis,Hamilton,GBR,9.0,,,0.5507330166011055,0.6597993077567501,0.8953475421480761,,2024,1,Bahrain Grand Prix,Bahrain,Sakhir,1.024316805775062,0.733640801082612,-0.07731761967653988,10,8,3,18,9.0,1
27,HUL,Haas F1 Team,Nico,Hulkenberg,GER,10.0,,,0.5609902944146787,0.6738027177578114,0.999561220453444,,2024,1,Bahrain Grand Prix,Bahrain,Sakhir,1.0407442796866826,0.7732855746635322,-0.1604213389169831,11,5,3,18,10.0,1
22,TSU,RB,Yuki,Tsunoda,JPN,11.0,,,0.5534088282046463,0.7030730033239408,0.0,,2024,1,Bahrain Grand Prix,Bahrain,Sakhir,0.23155306933243747,0.4910668010576866,0.761629219117755,25,9,3,18,11.0,0
18,STR,Aston Martin,Lance,Stroll,CAN,12.0,,,0.5073848686237482,0.7105485079109736,0.0,,2024,1,Bahrain Grand Prix,Bahrain,Sakhir,0.23155306933243747,0.47410341236200576,0.6982887181900321,24,1,3,18,12.0,0
23,ALB,Williams,Alexander,Albon,THA,13.0,,,0.5459165557147335,0.7127595726479834,0.0,,2024,1,Bahrain Grand Prix,Bahrain,Sakhir,0.23155306933243747,0.49137176085446327,0.7513179747806851,0,12,3,18,13.0,0
3,RIC,RB,Daniel,Ricciardo,AUS,14.0,,,0.5606335195342063,0.7187610340770101,0.0,,2024,1,Bahrain Grand Prix,Bahrain,Sakhir,0.23155306933243747,0.4998343952150037,0.7715722047285029,20,9,3,18,14.0,0
20,MAG,Haas F1 Team,Kevin,Magnussen,DEN,15.0,,,0.5681257920241203,0.7451885221241255,0.0,,2024,1,Bahrain Grand Prix,Bahrain,Sakhir,0.23155306933243747,0.5126045867050126,0.7818834490655745,15,5,3,18,15.0,0
77,BOT,Kick Sauber,Valtteri,Bottas,FIN,16.0,,,0.5779371012371026,1.4962437973119868e-15,0.0,,2024,1,Bahrain Grand Prix,Bahrain,Sakhir,0.23155306933243747,0.24700110712606735,0.795386269030787,5,6,3,18,16.0,0
24,ZHO,Kick Sauber,Guanyu,Zhou,CHN,17.0,,,0.578026294957221,1.4962437973119868e-15,0.0,,2024,1,Bahrain Grand Prix,Bahrain,Sakhir,0.23155306933243747,0.24703922710066403,0.7955090219395622,27,6,3,18,17.0,0
2,SAR,Williams,Logan,Sargeant,USA,18.0,,,0.5791858133187545,1.4962437973119868e-15,0.0,,2024,1,Bahrain Grand Prix,Bahrain,Sakhir,0.23155306933243747,0.24753478677042734,0.7971048097536316,23,12,3,18,18.0,0
31,OCO,Alpine,Esteban,Ocon,FRA,19.0,,,0.5812372688814699,1.4962437973119868e-15,0.0,,2024,1,Bahrain Grand Prix,Bahrain,Sakhir,0.23155306933243747,0.24841154618615904,0.7999281266554501,17,0,3,18,19.0,0
10,GAS,Alpine,Pierre,Gasly,FRA,20.0,,,0.595062295499762,1.4962437973119868e-15,0.0,,2024,1,Bahrain Grand Prix,Bahrain,Sakhir,0.23155306933243747,0.25432014224869937,0.8189548275155206,8,0,3,18,20.0,0
1,VER,Red Bull Racing,Max,Verstappen,NED,1.0,,,0.34737133473201864,0.4823876848109685,0.6008649511791208,,2024,2,Saudi Arabian Grand Prix,Saudi Arabia,Jeddah,0.7635743475182833,0.4971825986571904,-0.08247324184507401,26,11,15,5,1.0,1
16,LEC,Ferrari,Charles,Leclerc,MON,2.0,,,0.36048281158936696,0.49070549977400446,0.6428399049410053,,2024,2,Saudi Arabian Grand Prix,Saudi Arabia,Jeddah,0.8007400509069844,0.5179579848125764,-0.10358674215431674,13,4,15,5,2.0,1
11,PER,Red Bull Racing,Sergio,Perez,MEX,3.0,,,0.38902480202713435,0.5280830227091695,0.6449452317754579,,2024,2,Saudi Arabian Grand Prix,Saudi Arabia,Jeddah,0.8026041614217788,0.544298887259131,-0.06626985788682015,18,11,15,5,3.0,1
14,ALO,Aston Martin,Fernando,Alonso,ESP,4.0,,,0.39508997499515963,0.49175838774400965,0.6500769659344345,,2024,2,Saudi Arabian Grand Prix,Saudi Arabia,Jeddah,0.8071479308015888,0.5352263333050339,-0.06271002353235548,1,1,15,5,4.0,1
81,PIA,McLaren,Oscar,Piastri,AUS,5.0,,,0.399460467280942,0.5150272118811126,0.6820516172326716,,2024,2,Saudi Arabian Grand Prix,Saudi Arabia,Jeddah,0.8354591092450186,0.5547818802733149,-0.08652408783463965,19,7,15,5,5.0,1
4,NOR,McLaren,Lando,Norris,GBR,6.0,,,0.40392015328684405,0.5293464882731751,0.6877096831002619,,2024,2,Saudi Arabian Grand Prix,Saudi Arabia,Jeddah,0.8404689062535277,0.5635113544560353,-0.08566481747321643,16,7,15,5,6.0,1
63,RUS,Mercedes,George,Russell,GBR,7.0,,,0.3989253049602338,0.5260825355661601,0.711920941696458,,2024,2,Saudi Arabian Grand Prix,Saudi Arabia,Jeddah,0.8619061771736557,0.5672089919919504,-0.1151255155791357,21,8,15,5,7.0,1
44,HAM,Mercedes,Lewis,Hamilton,GBR,8.0,,,0.4207777663891494,0.5427181654922335,0.7308688832065238,,2024,2,Saudi Arabian Grand Prix,Saudi Arabia,Jeddah,0.8786831718067986,0.5880606180965282,-0.10272747179289352,10,8,15,5,8.0,1
22,TSU,RB,Yuki,Tsunoda,JPN,9.0,,,0.4202426040684413,0.5382960360182139,0.7423165978688562,,2024,2,Saudi Arabian Grand Prix,Saudi Arabia,Jeddah,0.8888192727309902,0.5895472971058116,-0.11414349230893722,25,9,15,5,9.0,1
18,STR,Aston Martin,Lance,Stroll,CAN,10.0,,,0.35441763862134174,0.5397700791762214,0.745606171047688,,2024,2,Saudi Arabian Grand Prix,Saudi Arabia,Jeddah,0.854216721300131,0.562901434862482,-0.20780396170400267,24,1,15,5,10.0,1
38,BEA,Ferrari,Oliver,Bearman,GBR,11.0,,,0.41988582918796874,0.5465085621842504,0.0,,2024,2,Saudi Arabian Grand Prix,Saudi Arabia,Jeddah,0.23155306933243747,0.37731679686012604,0.5778681146820905,3,4,15,5,11.0,0
23,ALB,Williams,Alexander,Albon,THA,12.0,,,0.43085665676248575,0.5820961755704079,0.0,,2024,2,Saudi Arabian Grand Prix,Saudi Arabia,Jeddah,0.23155306933243747,0.39489010514936024,0.5929667224613742,0,12,15,5,12.0,0
20,MAG,Haas F1 Team,Kevin,Magnussen,DEN,13.0,,,0.4274672953980012,0.5863077274504257,0.0,,2024,2,Saudi Arabian Grand Prix,Saudi Arabia,Jeddah,0.23155306933243747,0.3949663450985552,0.5883021119279376,15,5,15,5,13.0,0
3,RIC,RB,Daniel,Ricciardo,AUS,14.0,,,0.42711052051752874,0.586834171435429,0.0,,2024,2,Saudi Arabian Grand Prix,Saudi Arabia,Jeddah,0.23155306933243747,0.3950044650731519,0.5878111002928383,20,9,15,5,14.0,0
27,HUL,Haas F1 Team,Nico,Hulkenberg,GER,15.0,,,0.4262185833163493,1.4962437973119868e-15,0.0,,2024,2,Saudi Arabian Grand Prix,Saudi Arabia,Jeddah,0.23155306933243747,0.1821590303365075,0.5865835712050929,11,5,15,5,15.0,0
77,BOT,Kick Sauber,Valtteri,Bottas,FIN,16.0,,,0.4372786046109835,1.4962437973119868e-15,0.0,,2024,2,Saudi Arabian Grand Prix,Saudi Arabia,Jeddah,0.23155306933243747,0.1868859071865394,0.60180493189315,5,6,15,5,16.0,0
31,OCO,Alpine,Esteban,Ocon,FRA,17.0,,,0.46367994576591703,1.4962437973119868e-15,0.0,,2024,2,Saudi Arabian Grand Prix,Saudi Arabia,Jeddah,0.23155306933243747,0.19816941966726326,0.6381397928904481,17,0,15,5,17.0,0
10,GAS,Alpine,Pierre,Gasly,FRA,18.0,,,0.46403672064638957,1.4962437973119868e-15,0.0,,2024,2,Saudi Arabian Grand Prix,Saudi Arabia,Jeddah,0.23155306933243747,0.1983218995656516,0.6386308045255473,8,0,15,5,18.0,0
2,SAR,Williams,Logan,Sargeant,USA,19.0,,,0.4682288254919363,1.4962437973119868e-15,0.0,,2024,2,Saudi Arabian Grand Prix,Saudi Arabia,Jeddah,0.23155306933243747,0.20011353837171172,0.6444001912379559,23,12,15,5,19.0,0
24,ZHO,Kick Sauber,Guanyu,Zhou,CHN,20.0,,,-1.2675189981055877e-15,1.4962437973119868e-15,0.0,,2024,2,Saudi Arabian Grand Prix,Saudi Arabia,Jeddah,0.23155306933243747,0.0,-4.633625592485486e-16,27,6,15,5,20.0,0
1,VER,Red Bull Racing,Max,Verstappen,NED,1.0,,,-0.665155776047757,-0.7438056450564323,-0.9198389379308944,,2024,3,Australian Grand Prix,Australia,Melbourne,-0.5828959786986909,-0.8200531235434356,-0.05730889554627087,26,11,0,10,1.0,1
55,SAI,Ferrari,Carlos,Sainz,ESP,2.0,,,-0.6730048234181436,-0.7646528268625249,-0.8843115475995197,,2024,3,Australian Grand Prix,Australia,Melbourne,-0.5514391137615465,-0.8206630431369907,-0.10125443688759929,22,4,0,10,2.0,1
11,PER,Red Bull Racing,Sergio,Perez,MEX,3.0,,,-0.6664044881294089,-0.7181151785883192,-0.8726006670828813,,2024,3,Australian Grand Prix,Australia,Melbourne,-0.5410699990230063,-0.7976004585057812,-0.1030957305192175,18,11,0,10,3.0,1
4,NOR,McLaren,Lando,Norris,GBR,4.0,,,-0.6106584130556457,-0.705585811745264,-0.8672057670695988,,2024,3,Australian Grand Prix,Australia,Melbourne,-0.5362932158288477,-0.7676762784471081,-0.03140803179481626,16,7,0,10,4.0,1
16,LEC,Ferrari,Charles,Leclerc,MON,5.0,,,-0.6504388122282843,-0.7525446152074706,-0.8514158158112092,,2024,3,Australian Grand Prix,Australia,Melbourne,-0.5375747918077679,-0.7971048988360195,-0.10088617816127529,13,4,0,10,5.0,1
81,PIA,McLaren,Oscar,Piastri,AUS,6.0,,,-0.6160992299828456,-0.7212738424983332,-0.833388954791215,,2024,3,Australian Grand Prix,Australia,Melbourne,-0.5063509406849721,-0.7658846396410464,-0.0704434567851593,19,7,0,10,6.0,1
63,RUS,Mercedes,George,Russell,GBR,7.0,,,-0.6434817020590783,-0.6896872033981943,-0.813388349863922,,2024,3,Australian Grand Prix,Australia,Melbourne,-0.4886418907944312,-0.7603572433244761,-0.12678704191272816,21,8,0,10,7.0,1
22,TSU,RB,Yuki,Tsunoda,JPN,8.0,,,-0.6172587483443804,-0.7012689710682453,-0.8049670425261155,,2024,3,Australian Grand Prix,Australia,Melbourne,-0.4811854487352569,-0.7509034896244106,-0.09855387289455611,25,9,0,10,8.0,1
18,STR,Aston Martin,Lance,Stroll,CAN,9.0,,,-0.615474873942019,-0.70242714783525,-0.767597491214594,,2024,3,Australian Grand Prix,Australia,Melbourne,-0.4821175039926533,-0.7397343370674784,-0.13096064081106557,24,1,0,10,9.0,1
14,ALO,Aston Martin,Fernando,Alonso,ESP,10.0,,,-0.6498144561874576,-0.7097973636252832,-0.7044376861810374,,2024,3,Australian Grand Prix,Australia,Melbourne,-0.4902729874948769,-0.7387813377025534,-0.23714190690114673,1,1,0,10,10.0,1
44,HAM,Mercedes,Lewis,Hamilton,GBR,11.0,,,-0.6045040463675033,-0.6834751643751673,0.0,,2024,3,Australian Grand Prix,Australia,Melbourne,-0.4611462607012242,-0.5058086546294388,-0.8319490425948679,10,8,0,10,11.0,0
23,ALB,Williams,Alexander,Albon,THA,12.0,,,-0.6374165290910531,-0.6616803833960705,0.0,,2024,3,Australian Grand Prix,Australia,Melbourne,-0.4413400864815402,-0.511984090514159,-0.8772448659327171,0,12,0,10,12.0,0
77,BOT,Kick Sauber,Valtteri,Bottas,FIN,13.0,,,-0.6005795226823094,-0.64346542151499,0.0,,2024,3,Australian Grand Prix,Australia,Melbourne,-0.41687363597487104,-0.4896457854002947,-0.8265479146087816,5,6,0,10,13.0,0
20,MAG,Haas F1 Team,Kevin,Magnussen,DEN,14.0,,,-0.5857733651427182,-0.6343052961759493,0.0,,2024,3,Australian Grand Prix,Australia,Melbourne,-0.40673753505067956,-0.4800014318272442,-0.8061709317521886,15,5,0,10,14.0,0
31,OCO,Alpine,Esteban,Ocon,FRA,15.0,,,-0.593979187393576,-0.6058773209858246,0.0,,2024,3,Australian Grand Prix,Australia,Melbourne,-0.3846012226875038,-0.47321607634897056,-0.817464199359457,17,0,0,10,15.0,0
27,HUL,Haas F1 Team,Nico,Hulkenberg,GER,16.0,,,-0.5619586418712069,1.4962437973119868e-15,0.0,,2024,3,Australian Grand Prix,Australia,Melbourne,-0.34277524301181916,-0.2401721682240698,-0.7733959051093552,11,5,0,10,16.0,0
10,GAS,Alpine,Pierre,Gasly,FRA,17.0,,,-0.5614234795504988,1.4962437973119868e-15,0.0,,2024,3,Australian Grand Prix,Australia,Melbourne,-0.3420762015687715,-0.23994344837648812,-0.7726593876567072,8,0,0,10,17.0,0
3,RIC,RB,Daniel,Ricciardo,AUS,18.0,,,-0.5522365263783431,1.4962437973119868e-15,0.0,,2024,3,Australian Grand Prix,Australia,Melbourne,-0.3300759901297872,-0.23601709099299295,-0.760015838052918,20,9,0,10,18.0,0
24,ZHO,Kick Sauber,Guanyu,Zhou,CHN,19.0,,,-0.5430495732061862,1.4962437973119868e-15,0.0,,2024,3,Australian Grand Prix,Australia,Melbourne,-0.31807577869080134,-0.23209073360949775,-0.7473722884491271,27,6,0,10,19.0,0
1,VER,Red Bull Racing,Max,Verstappen,NED,1.0,,,0.40936097021404266,0.5568268642902957,0.6962625733652223,,2024,4,Japanese Grand Prix,Japan,Suzuka,0.8480418552198771,0.5782637846250893,-0.08615582910831567,26,11,10,23,1.0,1
11,PER,Red Bull Racing,Sergio,Perez,MEX,2.0,,,0.4483386259056177,0.5580903298543013,0.7049470465573366,,2024,4,Japanese Grand Prix,Japan,Suzuka,0.8557313110934016,0.5978955715425637,-0.04061449995291777,18,11,10,23,2.0,1
4,NOR,McLaren,Lando,Norris,GBR,3.0,,,0.469120762693117,0.5778846236903887,0.7346847880939692,,2024,4,Japanese Grand Prix,Japan,Suzuka,0.8820618721148635,0.6225591951068481,-0.039755229591494544,16,7,10,23,3.0,1
55,SAI,Ferrari,Carlos,Sainz,ESP,4.0,,,0.46706930713040284,0.5946255424134631,0.7600802930345446,,2024,4,Japanese Grand Prix,Japan,Suzuka,0.9045477051995632,0.6351006667492738,-0.06626985788682015,22,4,10,23,4.0,1
14,ALO,Aston Martin,Fernando,Alonso,ESP,5.0,,,0.44396813361983534,0.5928356328644542,0.7606066247431582,,2024,4,Japanese Grand Prix,Japan,Suzuka,0.9050137328282621,0.6247320336588799,-0.09855387289455611,1,1,10,23,5.0,1
81,PIA,McLaren,Oscar,Piastri,AUS,6.0,,,0.45922025976001624,0.599784693466485,0.7703437613524978,,2024,4,Japanese Grand Prix,Japan,Suzuka,0.9136352439591832,0.6365873457585556,-0.0866468407434149,19,7,10,23,6.0,1
44,HAM,Mercedes,Lewis,Hamilton,GBR,7.0,,,0.4802699777078696,0.5723043174493645,0.7711332589154173,,2024,4,Japanese Grand Prix,Japan,Suzuka,0.9143342854022308,0.6358630662412138,-0.05841367172524284,10,8,10,23,7.0,1
16,LEC,Ferrari,Charles,Leclerc,MON,8.0,,,0.45146040610974814,0.6048385557225076,0.7737649174584816,,2024,4,Japanese Grand Prix,Japan,Suzuka,0.9166644235457225,0.6360917860887955,-0.10051791943495131,13,4,10,23,8.0,1
63,RUS,Mercedes,George,Russell,GBR,9.0,,,0.49257871108415696,0.5989423830904818,0.8029763272865006,,2024,4,Japanese Grand Prix,Japan,Suzuka,0.9425289569384855,0.6599930101611383,-0.07117997423780553,21,8,10,23,9.0,1
22,TSU,RB,Yuki,Tsunoda,JPN,10.0,,,0.4904380618013244,0.6281073798596104,0.8562674127835637,,2024,4,Japanese Grand Prix,Japan,Suzuka,0.9897142543442029,0.6850759534459895,-0.12384097210213449,25,9,10,23,10.0,1
3,RIC,RB,Daniel,Ricciardo,AUS,11.0,,,0.4861567632356592,0.6338982636946351,0.0,,2024,4,Japanese Grand Prix,Japan,Suzuka,0.23155306933243747,0.43727951690126726,0.6690735259016634,20,9,10,23,11.0,0
27,HUL,Haas F1 Team,Nico,Hulkenberg,GER,12.0,,,0.49454097292675264,0.6362146172286459,0.0,,2024,4,Japanese Grand Prix,Japan,Suzuka,0.23155306933243747,0.44170143395452255,0.6806122993264805,11,5,10,23,12.0,0
77,BOT,Kick Sauber,Valtteri,Bottas,FIN,13.0,,,0.4750075482209066,0.6466382081316921,0.0,,2024,4,Japanese Grand Prix,Japan,Suzuka,0.23155306933243747,0.43712703700287897,0.653729412304831,5,6,10,23,13.0,0
23,ALB,Williams,Alexander,Albon,THA,14.0,,,0.5072064811835113,0.6593781525687478,0.0,,2024,4,Japanese Grand Prix,Japan,Suzuka,0.23155306933243747,0.45550086475864987,0.6980432123724816,0,12,10,23,14.0,0
31,OCO,Alpine,Esteban,Ocon,FRA,15.0,,,0.4936490357255733,0.6701176098627954,0.0,,2024,4,Japanese Grand Prix,Japan,Suzuka,0.23155306933243747,0.4535948660287997,0.679384770238735,17,0,10,23,15.0,0
18,STR,Aston Martin,Lance,Stroll,CAN,16.0,,,0.5126472981107112,1.4962437973119868e-15,0.0,,2024,4,Japanese Grand Prix,Japan,Suzuka,0.23155306933243747,0.2190972857210376,0.7055311398077366,24,1,10,23,16.0,0
10,GAS,Alpine,Pierre,Gasly,FRA,17.0,,,0.5211207015219231,1.4962437973119868e-15,0.0,,2024,4,Japanese Grand Prix,Japan,Suzuka,0.23155306933243747,0.2227186833077545,0.7171926661413291,8,0,10,23,17.0,0
20,MAG,Haas F1 Team,Kevin,Magnussen,DEN,18.0,,,0.5221910261633395,1.4962437973119868e-15,0.0,,2024,4,Japanese Grand Prix,Japan,Suzuka,0.23155306933243747,0.2231761230029195,0.7186657010466251,15,5,10,23,18.0,0
2,SAR,Williams,Logan,Sargeant,USA,19.0,,,0.5229045759242832,1.4962437973119868e-15,0.0,,2024,4,Japanese Grand Prix,Japan,Suzuka,0.23155306933243747,0.22348108279969456,0.7196477243168218,23,12,10,23,19.0,0
24,ZHO,Kick Sauber,Guanyu,Zhou,CHN,20.0,,,0.5232613508047557,1.4962437973119868e-15,0.0,,2024,4,Japanese Grand Prix,Japan,Suzuka,0.23155306933243747,0.22363356269808451,0.720138735951921,27,6,10,23,20.0,0
1,VER,Red Bull Racing,Max,Verstappen,NED,1.0,,,0.933463269627535,1.0889564443306397,1.4151001044033822,,2024,5,Chinese Grand Prix,China,Shanghai,1.4845190891147746,1.2031645281943248,-0.03545887778438016,26,11,7,19,1.0,1
11,PER,Red Bull Racing,Sergio,Perez,MEX,2.0,,,0.9972367795119191,1.113383445234747,1.4574698069467262,,2024,5,Chinese Grand Prix,China,Shanghai,1.5220343132249994,1.2515387759579655,0.01278301536405917,18,11,7,19,2.0,1
14,ALO,Aston Martin,Fernando,Alonso,ESP,3.0,,,0.9668217209516744,1.1792942321570379,1.479312572854164,,2024,5,Chinese Grand Prix,China,Shanghai,1.5413744598159844,1.2687308845012282,-0.04945270938469181,1,1,7,19,3.0,1
4,NOR,McLaren,Lando,Norris,GBR,4.0,,,0.9423826416393366,1.159078783132948,1.4815494826157705,,2024,5,Chinese Grand Prix,China,Shanghai,1.543355077237954,1.2516150159071573,-0.08517380583811893,16,7,7,19,4.0,1
81,PIA,McLaren,Oscar,Piastri,AUS,5.0,,,0.9577239614996359,1.1800312537360418,1.4957604387483192,,2024,5,Chinese Grand Prix,China,Shanghai,1.5559378232128107,1.2698744837391398,-0.07731761967653988,19,7,7,19,5.0,1
16,LEC,Ferrari,Charles,Leclerc,MON,6.0,,,0.9383689242340255,1.1526561665159207,1.4978657655827718,,2024,5,Chinese Grand Prix,China,Shanghai,1.5578019337276052,1.2523011754499056,-0.10591904742103593,13,4,7,19,6.0,1
55,SAI,Ferrari,Carlos,Sainz,ESP,7.0,,,0.9537994378144433,1.1493922138089057,1.4989184289999973,,2024,5,Chinese Grand Prix,China,Shanghai,1.5587339889850016,1.2580191716394609,-0.08566481747321643,22,4,7,19,7.0,1
63,RUS,Mercedes,George,Russell,GBR,8.0,,,0.963967521907898,1.1747668138860174,1.5168137070928394,,2024,5,Chinese Grand Prix,China,Shanghai,1.5745789283607499,1.2767360791666051,-0.08836538146625961,21,8,7,19,8.0,1
27,HUL,Haas F1 Team,Nico,Hulkenberg,GER,9.0,,,0.9625404223860092,1.180873564112045,1.539314387636043,,2024,5,Chinese Grand Prix,China,Shanghai,1.5945016094876072,1.2848556337557755,-0.11132017540712054,11,5,7,19,9.0,1
77,BOT,Kick Sauber,Valtteri,Bottas,FIN,10.0,,,0.9715489881179293,1.1916130214060927,1.5473409461923915,,2024,5,Chinese Grand Prix,China,Shanghai,1.6016085308252594,1.2949193070493927,-0.10641005905613517,5,6,7,19,10.0,1
18,STR,Aston Martin,Lance,Stroll,CAN,11.0,,,0.9862659519374033,1.1988779483991234,0.0,,2024,5,Chinese Grand Prix,China,Shanghai,0.23155306933243747,0.8555699981545577,1.3573490854011763,24,1,7,19,11.0,0
3,RIC,RB,Daniel,Ricciardo,AUS,12.0,,,0.9959880674302671,1.2089856729111683,0.0,,2024,5,Chinese Grand Prix,China,Shanghai,0.23155306933243747,0.8633845929469515,1.3707291524576133,20,9,7,19,12.0,0
31,OCO,Alpine,Esteban,Ocon,FRA,13.0,,,0.988228213779999,1.2394141352443027,0.0,,2024,5,Chinese Grand Prix,China,Shanghai,0.23155306933243747,0.8710848278155535,1.3600496493942176,17,0,7,19,13.0,0
23,ALB,Williams,Alexander,Albon,THA,14.0,,,0.9907256379433041,1.241309333590311,0.0,,2024,5,Chinese Grand Prix,China,Shanghai,0.23155306933243747,0.8728383466470169,1.3634867308399088,0,12,7,19,14.0,0
10,GAS,Alpine,Pierre,Gasly,FRA,15.0,,,0.9820738470918566,1.2646834465244132,0.0,,2024,5,Chinese Grand Prix,China,Shanghai,0.23155306933243747,0.8776033434716455,1.3515796986887676,8,0,7,19,15.0,0
24,ZHO,Kick Sauber,Guanyu,Zhou,CHN,16.0,,,1.0015180780775843,1.4962437973119868e-15,0.0,,2024,5,Chinese Grand Prix,China,Shanghai,0.23155306933243747,0.42803286648739947,1.3783398328016419,27,6,7,19,16.0,0
20,MAG,Haas F1 Team,Kevin,Magnussen,DEN,17.0,,,1.0024992089988833,1.4962437973119868e-15,0.0,,2024,5,Chinese Grand Prix,China,Shanghai,0.23155306933243747,0.4284521862079662,1.3796901147981644,15,5,7,19,17.0,0
44,HAM,Mercedes,Lewis,Hamilton,GBR,18.0,,,1.0075832510456095,1.4962437973119868e-15,0.0,,2024,5,Chinese Grand Prix,China,Shanghai,0.23155306933243747,0.4306250247599979,1.3866870305983185,10,8,7,19,18.0,0
22,TSU,RB,Yuki,Tsunoda,JPN,19.0,,,1.0230137646260273,1.4962437973119868e-15,0.0,,2024,5,Chinese Grand Prix,China,Shanghai,0.23155306933243747,0.43721978036528497,1.4079232838163347,25,9,7,19,19.0,0
2,SAR,Williams,Logan,Sargeant,USA,20.0,,,1.077600321338257,1.4962437973119868e-15,0.0,,2024,5,Chinese Grand Prix,China,Shanghai,0.23155306933243747,0.4605492048186711,1.4830480639864272,23,12,7,19,20.0,0
1,VER,Red Bull Racing,Max,Verstappen,NED,1.0,,,0.30437996163513126,0.43321781661175207,0.5704692950067226,,2024,6,Miami Grand Prix,United States,Miami,0.7366612519609489,0.4522010286326865,-0.11328422194751575,26,11,20,12,1.0,1
16,LEC,Ferrari,Charles,Leclerc,MON,2.0,,,0.33934389992139646,0.42974328631073666,0.5890224877353304,,2024,6,Miami Grand Prix,United States,Miami,0.7530887258725696,0.4712610159312042,-0.08247324184507575,13,4,20,12,2.0,1
55,SAI,Ferrari,Carlos,Sainz,ESP,3.0,,,0.3265000042244009,0.472701115486926,0.5986280414175162,,2024,6,Miami Grand Prix,United States,Miami,0.7615937300963154,0.48410744737040645,-0.1091106230491766,22,4,20,12,3.0,1
11,PER,Red Bull Racing,Sergio,Perez,MEX,4.0,,,0.31178304040492816,0.46196165819287827,0.5992859560532818,,2024,6,Miami Grand Prix,United States,Miami,0.7621762646321879,0.4741200140259826,-0.1299786175408671,18,11,20,12,4.0,1
4,NOR,McLaren,Lando,Norris,GBR,5.0,,,0.3243593549415683,0.46533089969689273,0.6169180682918163,,2024,6,Miami Grand Prix,United States,Miami,0.7777881901935858,0.4858228462272732,-0.12911934717944562,16,7,20,12,5.0,1
81,PIA,McLaren,Oscar,Piastri,AUS,6.0,,,0.33497340763561284,0.4495375801468241,0.6275762853912293,,2024,6,Miami Grand Prix,United States,Miami,0.7872252496747296,0.48772884495712493,-0.12445473664600898,19,7,20,12,6.0,1
63,RUS,Mercedes,George,Russell,GBR,7.0,,,0.3463010100906024,0.48891559022499703,0.6791567928352996,,2024,6,Miami Grand Prix,United States,Miami,0.8328959572871766,0.5217699822722816,-0.15698425747129194,21,8,20,12,7.0,1
44,HAM,Mercedes,Lewis,Hamilton,GBR,8.0,,,0.3470145598515461,0.4470106490188129,0.6844201099214301,,2024,6,Miami Grand Prix,United States,Miami,0.7897884016325717,0.5084279911633176,-0.16091235055208233,10,8,20,12,8.0,1
27,HUL,Haas F1 Team,Nico,Hulkenberg,GER,9.0,,,0.36628040339703816,0.4999709139100461,0.6895518440804067,,2024,6,Miami Grand Prix,United States,Miami,0.8421000029539717,0.5373229319078707,-0.13918508569896862,11,5,20,12,9.0,1
22,TSU,RB,Yuki,Tsunoda,JPN,10.0,,,0.3610179739100751,0.4964963836090307,0.6956046587294549,,2024,6,Miami Grand Prix,United States,Miami,0.8445466480046386,0.5355694130764073,-0.15207414112030654,25,9,20,12,10.0,1
18,STR,Aston Martin,Lance,Stroll,CAN,11.0,,,0.3479064970527268,0.5022872674440554,0.0,,2024,6,Miami Grand Prix,United States,Miami,0.23155306933243747,0.3305435880295621,0.4788065173009422,24,1,20,12,11.0,0
10,GAS,Alpine,Pierre,Gasly,FRA,12.0,,,0.3299785593090039,0.5130267247381032,0.0,,2024,6,Miami Grand Prix,United States,Miami,0.23155306933243747,0.32676971054445525,0.45413318263723484,8,0,20,12,12.0,0
31,OCO,Alpine,Esteban,Ocon,FRA,13.0,,,0.3507606960965032,0.5179752981971246,0.0,,2024,6,Miami Grand Prix,United States,Miami,0.23155306933243747,0.33744330343162576,0.4827346103817309,17,0,20,12,13.0,0
23,ALB,Williams,Alexander,Albon,THA,14.0,,,0.362712654592318,0.5223974276711443,0.0,,2024,6,Miami Grand Prix,United States,Miami,0.23155306933243747,0.34415241896070603,0.4991835001575352,0,12,20,12,14.0,0
14,ALO,Aston Martin,Fernando,Alonso,ESP,15.0,,,0.3725239638053003,0.5238714708291519,0.0,,2024,6,Miami Grand Prix,United States,Miami,0.23155306933243747,0.34887929581073635,0.5126863201227476,1,1,20,12,15.0,0
77,BOT,Kick Sauber,Valtteri,Bottas,FIN,16.0,,,0.3734159010064797,1.4962437973119868e-15,0.0,,2024,6,Miami Grand Prix,United States,Miami,0.23155306933243747,0.15959200537506138,0.5139138492104931,5,6,20,12,16.0,0
2,SAR,Williams,Logan,Sargeant,USA,17.0,,,0.3755565502893123,1.4962437973119868e-15,0.0,,2024,6,Miami Grand Prix,United States,Miami,0.23155306933243747,0.16050688476538977,0.5168599190210851,23,12,20,12,17.0,0
3,RIC,RB,Daniel,Ricciardo,AUS,18.0,,,0.38715173390465585,1.4962437973119868e-15,0.0,,2024,6,Miami Grand Prix,United States,Miami,0.23155306933243747,0.16546248146300502,0.5328177971617919,20,9,20,12,18.0,0
20,MAG,Haas F1 Team,Kevin,Magnussen,DEN,19.0,,,0.3873301213448915,1.4962437973119868e-15,0.0,,2024,6,Miami Grand Prix,United States,Miami,0.23155306933243747,0.16553872141219836,0.5330633029793407,15,5,20,12,19.0,0
24,ZHO,Kick Sauber,Guanyu,Zhou,CHN,20.0,,,0.40561483396908565,1.4962437973119868e-15,0.0,,2024,6,Miami Grand Prix,United States,Miami,0.23155306933243747,0.17335331620459044,0.5582276492781455,27,6,20,12,20.0,0
1,VER,Red Bull Racing,Max,Verstappen,NED,1.0,,,-0.7594335382125055,-0.8713103782239937,-1.0736593797730356,,2024,7,Emilia Romagna Grand Prix,Italy,Imola,-0.7190925531858121,-0.9510714762334553,-0.04356056976350796,26,11,9,4,1.0,1
81,PIA,McLaren,Oscar,Piastri,AUS,2.0,,,-0.7435570560314979,-0.8469886661168872,-1.063922243163696,,2024,7,Emilia Romagna Grand Prix,Italy,Imola,-0.7104710420548912,-0.9326595285030861,-0.03079426725094352,19,7,9,4,2.0,1
4,NOR,McLaren,Lando,Norris,GBR,3.0,,,-0.7457868990344477,-0.850779062808904,-1.0616853334020897,,2024,7,Emilia Romagna Grand Prix,Italy,Imola,-0.7084904246329216,-0.9343368073853562,-0.035949889419479394,16,7,9,4,3.0,1
16,LEC,Ferrari,Charles,Leclerc,MON,4.0,,,-0.7539927212853068,-0.8553064810799231,-1.0441848040907091,,2024,7,Emilia Romagna Grand Prix,Italy,Imola,-0.6929950059786989,-0.9344130473345496,-0.06356929389377872,13,4,9,4,4.0,1
55,SAI,Ferrari,Carlos,Sainz,ESP,5.0,,,-0.7368675270226461,-0.835933342431838,-1.0095784942494057,,2024,7,Emilia Romagna Grand Prix,Italy,Imola,-0.6623536893917756,-0.9100543835670434,-0.07228475041677924,22,4,9,4,5.0,1
63,RUS,Mercedes,George,Russell,GBR,6.0,,,-0.7286617047717883,-0.8191924237087637,-1.0094469113222537,,2024,7,Emilia Romagna Grand Prix,Italy,Imola,-0.6622371824846022,-0.9004481499685896,-0.061114235718284275,21,8,9,4,6.0,1
22,TSU,RB,Yuki,Tsunoda,JPN,7.0,,,-0.7476599671569263,-0.8521478171699091,-0.9790512551498537,,2024,7,Emilia Romagna Grand Prix,Italy,Imola,-0.6477903259949493,-0.9116935424747151,-0.1156165272142332,25,9,9,4,7.0,1
44,HAM,Mercedes,Lewis,Hamilton,GBR,8.0,,,-0.6843324258731318,-0.8185606909267609,-0.9739195209908771,,2024,7,Emilia Romagna Grand Prix,Italy,Imola,-0.6307803175474561,-0.8709814096050782,-0.03324932542643795,10,8,9,4,8.0,1
3,RIC,RB,Daniel,Ricciardo,AUS,9.0,,,-0.732853809617335,-0.8170866477687548,-0.9515504233748256,,2024,7,Emilia Romagna Grand Prix,Italy,Imola,-0.6109741433277721,-0.8847046004600121,-0.12089490229154431,20,9,9,4,9.0,1
27,HUL,Haas F1 Team,Nico,Hulkenberg,GER,10.0,,,-0.7523872343231823,-0.8299318810028113,-0.911286047665934,,2024,7,Emilia Romagna Grand Prix,Italy,Imola,-0.6232073685811067,-0.8860387995709088,-0.185340179398241,11,5,9,4,10.0,1
11,PER,Red Bull Racing,Sergio,Perez,MEX,11.0,,,-0.7021711698967363,-0.8155073158137478,0.0,,2024,7,Emilia Romagna Grand Prix,Italy,Imola,-0.607245922298185,-0.5953524749578798,-0.9663634777031194,18,11,9,4,11.0,0
31,OCO,Alpine,Esteban,Ocon,FRA,12.0,,,-0.7060064998618105,-0.7944495564136548,0.0,,2024,7,Emilia Romagna Grand Prix,Italy,Imola,-0.5839445408632625,-0.5893676389461445,-0.9716418527804288,17,0,9,4,12.0,0
18,STR,Aston Martin,Lance,Stroll,CAN,13.0,,,-0.697354709010363,-0.785394719871615,0.0,,2024,7,Emilia Romagna Grand Prix,Italy,Imola,-0.5739249468462462,-0.5823916835948875,-0.9597348206292876,24,1,9,4,13.0,0
23,ALB,Williams,Alexander,Albon,THA,14.0,,,-0.6914679234825734,-0.7634946500955188,0.0,,2024,7,Emilia Romagna Grand Prix,Italy,Imola,-0.5496915101539273,-0.5719468105552987,-0.9516331286501598,0,12,9,4,14.0,0
10,GAS,Alpine,Pierre,Gasly,FRA,15.0,,,-0.7368675270226461,-0.7444373778384351,0.0,,2024,7,Emilia Romagna Grand Prix,Italy,Imola,-0.5712452879812305,-0.584450162223126,-1.0141143592164612,8,0,9,4,15.0,0
77,BOT,Kick Sauber,Valtteri,Bottas,FIN,16.0,,,-0.6823701640305349,1.4962437973119868e-15,0.0,,2024,7,Emilia Romagna Grand Prix,Italy,Imola,-0.5000595676975429,-0.29163413393007065,-0.9391123319551441,5,6,9,4,16.0,0
24,ZHO,Kick Sauber,Guanyu,Zhou,CHN,17.0,,,-0.6638178702459866,1.4962437973119868e-15,0.0,,2024,7,Emilia Romagna Grand Prix,Italy,Imola,-0.4758261310052241,-0.28370517921388694,-0.9135797269300152,27,6,9,4,17.0,0
20,MAG,Haas F1 Team,Kevin,Magnussen,DEN,18.0,,,-0.6620339958436265,1.4962437973119868e-15,0.0,,2024,7,Emilia Romagna Grand Prix,Italy,Imola,-0.47349599286173233,-0.28294277972194526,-0.9111246687545225,15,5,9,4,18.0,0
14,ALO,Aston Martin,Fernando,Alonso,ESP,19.0,,,-0.656414791476191,1.4962437973119868e-15,0.0,,2024,7,Emilia Romagna Grand Prix,Italy,Imola,-0.46615605770973156,-0.28054122132233344,-0.9033912355017187,1,1,9,4,19.0,0
2,SAR,Williams,Logan,Sargeant,USA,20.0,,,-1.2675189981055877e-15,1.4962437973119868e-15,0.0,,2024,7,Emilia Romagna Grand Prix,Italy,Imola,0.23155306933243747,0.0,-4.633625592485486e-16,23,12,9,4,20.0,0
16,LEC,Ferrari,Charles,Leclerc,MON,1.0,,,-1.1320849008655973,-1.3294219339730113,-1.6626245617109463,,2024,8,Monaco Grand Prix,Monaco,Monaco,-1.2405774696993694,-1.4468217458679278,-0.006980202948659352,13,4,12,14,1.0,1
81,PIA,McLaren,Oscar,Piastri,AUS,2.0,,,-1.1395771733555113,-1.3366868609660436,-1.6423607909293458,,2024,8,Monaco Grand Prix,Monaco,Monaco,-1.2226354059944782,-1.4467836258933295,-0.03619539523702988,19,7,12,14,2.0,1
55,SAI,Ferrari,Carlos,Sainz,ESP,3.0,,,-1.1357418433904358,-1.3030997347228954,-1.6299919957769418,,2024,8,Monaco Grand Prix,Monaco,Monaco,-1.2116837567200653,-1.4294009174770803,-0.04245579358453598,22,4,12,14,3.0,1
4,NOR,McLaren,Lando,Norris,GBR,4.0,,,-1.1163868061248254,-1.3392137920940548,-1.626834005525264,,2024,8,Monaco Grand Prix,Monaco,Monaco,-1.2088875909478747,-1.4332891548859772,-0.01876448219102706,16,7,12,14,4.0,1
63,RUS,Mercedes,George,Russell,GBR,5.0,,,-1.1402907231164552,-1.318471899084963,-1.62670242259811,,2024,8,Monaco Grand Prix,Monaco,Monaco,-1.2087710840406996,-1.4359575531077706,-0.051785014651411,21,8,12,14,5.0,1
1,VER,Red Bull Racing,Max,Verstappen,NED,6.0,,,-1.1207572984106091,-1.3378450377330482,-1.6235444323464339,,2024,8,Monaco Grand Prix,Monaco,Monaco,-1.2059749182685104,-1.433708474606544,-0.02784819744035159,26,11,12,14,6.0,1
44,HAM,Mercedes,Lewis,Hamilton,GBR,7.0,,,-1.1370797491922062,-1.3051002218659047,-1.6164389542801587,,2024,8,Monaco Grand Prix,Monaco,Monaco,-1.1996835452810812,-1.4267706392298853,-0.05694063681994513,10,8,12,14,7.0,1
22,TSU,RB,Yuki,Tsunoda,JPN,8.0,,,-1.1081809838739676,-1.299835782015882,-1.585253800544839,,2024,8,Monaco Grand Prix,Monaco,Monaco,-1.1720714082806973,-1.403479334751094,-0.04626113375655114,25,9,12,14,8.0,1
23,ALB,Williams,Alexander,Albon,THA,9.0,,,-1.1286063457809943,-1.288254014345831,-1.5734113371010487,,2024,8,Monaco Grand Prix,Monaco,Monaco,-1.1615857866349837,-1.4045848140144093,-0.08541931165566594,0,12,12,14,9.0,1
10,GAS,Alpine,Pierre,Gasly,FRA,10.0,,,-1.120489717250255,-1.3219464293859786,-1.52564673454442,,2024,8,Monaco Grand Prix,Monaco,Monaco,-1.1676441458080626,-1.3994767374184056,-0.11880810284237561,8,0,12,14,10.0,1
31,OCO,Alpine,Esteban,Ocon,FRA,11.0,,,-1.1050592036698372,-1.2809890873527987,0.0,,2024,8,Monaco Grand Prix,Monaco,Monaco,-1.1223229589171395,-0.9360688079061998,-1.5208383666382537,17,0,12,14,11.0,0
3,RIC,RB,Daniel,Ricciardo,AUS,12.0,,,-1.1141569631218757,-1.260247194343707,0.0,,2024,8,Monaco Grand Prix,Monaco,Monaco,-1.099371098203741,-0.9324474103194813,-1.5333591633332693,20,9,12,14,12.0,0
18,STR,Aston Martin,Lance,Stroll,CAN,13.0,,,-1.119241005168603,-1.2517188017866692,0.0,,2024,8,Monaco Grand Prix,Monaco,Monaco,-1.089934038722597,-0.9315325309291529,-1.5403560791334252,24,1,12,14,13.0,0
27,HUL,Haas F1 Team,Nico,Hulkenberg,GER,14.0,,,-1.106040334591135,-1.2646693238177267,0.0,,2024,8,Monaco Grand Prix,Monaco,Monaco,-1.1042643883050747,-0.9305795315642262,-1.5221886486347744,11,5,12,14,14.0,0
14,ALO,Aston Martin,Fernando,Alonso,ESP,14.0,,,-1.093285632614258,1.4962437973119868e-15,0.0,,2024,8,Monaco Grand Prix,Monaco,Monaco,-1.0368068890509743,-0.46725285689862256,-1.504634982679998,1,1,12,14,14.0,0
2,SAR,Williams,Logan,Sargeant,USA,15.0,,,-1.0931964388941406,1.4962437973119868e-15,0.0,,2024,8,Monaco Grand Prix,Monaco,Monaco,-1.0366903821438007,-0.46721473692402427,-1.5045122297712246,23,12,12,14,15.0,0
20,MAG,Haas F1 Team,Kevin,Magnussen,DEN,15.0,,,-1.1099648582763288,-1.2346620166725948,0.0,,2024,8,Monaco Grand Prix,Monaco,Monaco,-1.071059919760311,-0.9213926176863407,-1.5275897766208606,15,5,12,14,15.0,0
11,PER,Red Bull Racing,Sergio,Perez,MEX,16.0,,,-1.0896286900894194,1.4962437973119868e-15,0.0,,2024,8,Monaco Grand Prix,Monaco,Monaco,-1.0320301058568155,-0.4656899379401441,-1.4996021134202373,18,11,12,14,16.0,0
77,BOT,Kick Sauber,Valtteri,Bottas,FIN,17.0,,,-1.049313128596074,1.4962437973119868e-15,0.0,,2024,8,Monaco Grand Prix,Monaco,Monaco,-0.9793689838138918,-0.4484597094222833,-1.4441177986540916,5,6,12,14,17.0,0
24,ZHO,Kick Sauber,Guanyu,Zhou,CHN,18.0,,,-1.0032891690151746,1.4962437973119868e-15,0.0,,2024,8,Monaco Grand Prix,Monaco,Monaco,-0.919251419711792,-0.4287898025302123,-1.380777297726367,27,6,12,14,18.0,0
63,RUS,Mercedes,George,Russell,GBR,1.0,,,-1.004627074816945,-1.232872107123586,-1.4349860977358373,,2024,9,Canadian Grand Prix,Canada,Montréal,-1.0690793023383416,-1.291444729410402,-0.04392882848983195,21,8,6,16,1.0,1
1,VER,Red Bull Racing,Max,Verstappen,NED,2.0,,,-1.0628705740540132,-1.1479040479442115,-1.4349860977358373,,2024,9,Canadian Grand Prix,Canada,Montréal,-1.0390205202872924,-1.2855742533224583,-0.12408647791968498,26,11,6,16,2.0,1
4,NOR,McLaren,Lando,Norris,GBR,3.0,,,-1.0094435357033182,-1.1845445493003743,-1.4322228562656192,,2024,9,Canadian Grand Prix,Canada,Montréal,-1.0365738752366256,-1.2752056202320645,-0.05313529664793172,16,7,6,16,3.0,1
81,PIA,McLaren,Oscar,Piastri,AUS,4.0,,,-1.014081609149456,-1.157064173283252,-1.4214330562390542,,2024,9,Canadian Grand Prix,Canada,Montréal,-1.0270203088483083,-1.2641127076243273,-0.06958418642373607,19,7,6,16,4.0,1
3,RIC,RB,Daniel,Ricciardo,AUS,5.0,,,-0.9843801003501551,-1.1454824056132011,-1.4115643367025608,,2024,9,Canadian Grand Prix,Canada,Montréal,-1.018282290810212,-1.2443665607830596,-0.03791393595987459,20,9,6,16,5.0,1
14,ALO,Aston Martin,Fernando,Alonso,ESP,6.0,,,-0.9953509279246708,-1.1388492114021718,-1.4049851903448989,,2024,9,Canadian Grand Prix,Canada,Montréal,-1.012456945451482,-1.2447477605290298,-0.05915018917788908,1,1,6,16,6.0,1
44,HAM,Mercedes,Lewis,Hamilton,GBR,7.0,,,-1.019076457476065,-1.2079186622344766,-1.3981428781329295,,2024,9,Canadian Grand Prix,Canada,Montréal,-1.0414671653379595,-1.2779121384284546,-0.09818561416823211,10,8,6,16,7.0,1
22,TSU,RB,Yuki,Tsunoda,JPN,8.0,,,-1.0282634106482207,-1.1738050920063265,-1.380510765894395,,2024,9,Canadian Grand Prix,Canada,Montréal,-1.0037189274133858,-1.2643795474465056,-0.12727805354782565,25,9,6,16,8.0,1
18,STR,Aston Martin,Lance,Stroll,CAN,9.0,,,-0.9979375458080945,-1.1363222802741606,-1.3427464658014157,,2024,9,Canadian Grand Prix,Canada,Montréal,-0.9622424684592233,-1.2269076124176173,-0.12077214938276906,24,1,6,16,9.0,1
23,ALB,Williams,Alexander,Albon,THA,10.0,,,-1.015062740070754,-1.154642530952242,-1.330246087721856,,2024,9,Canadian Grand Prix,Canada,Montréal,-0.9825146703076064,-1.2372381255334144,-0.15600223420109696,0,12,6,16,10.0,1
16,LEC,Ferrari,Charles,Leclerc,MON,11.0,,,-0.9962428651258516,-1.132953038770146,0.0,,2024,9,Canadian Grand Prix,Canada,Montréal,-0.9585142474296362,-0.8359657546143799,-1.3710798179331698,13,4,6,16,11.0,0
55,SAI,Ferrari,Carlos,Sainz,ESP,12.0,,,-1.0023972318139953,-1.1290573532811297,0.0,,2024,9,Canadian Grand Prix,Canada,Montréal,-0.9542034918641765,-0.8371855938014849,-1.3795497686386216,22,4,6,16,12.0,0
2,SAR,Williams,Logan,Sargeant,USA,13.0,,,-1.0001673888110443,-1.128215042905125,0.0,,2024,9,Canadian Grand Prix,Canada,Montréal,-0.9532714366067786,-0.8359276346397833,-1.3764809459192544,23,12,6,16,13.0,0
20,MAG,Haas F1 Team,Kevin,Magnussen,DEN,14.0,,,-0.9864315559128692,-1.1092630594450423,0.0,,2024,9,Canadian Grand Prix,Canada,Montréal,-0.9323001933153495,-0.8231955631243726,-1.3575769979679573,15,5,6,16,14.0,0
10,GAS,Alpine,Pierre,Gasly,FRA,15.0,,,-0.9800096080643715,-1.1067361283170312,0.0,,2024,9,Canadian Grand Prix,Canada,Montréal,-0.9295040275431588,-0.8195360455630574,-1.3487387885361817,8,0,6,16,15.0,0
11,PER,Red Bull Racing,Sergio,Perez,MEX,16.0,,,-0.9767094404200054,1.4962437973119868e-15,0.0,,2024,9,Canadian Grand Prix,Canada,Montréal,-0.8845323613737595,-0.4174300501002951,-1.3441969309115203,18,11,6,16,16.0,0
77,BOT,Kick Sauber,Valtteri,Bottas,FIN,17.0,,,-0.9731416916152841,1.4962437973119868e-15,0.0,,2024,9,Canadian Grand Prix,Canada,Montréal,-0.8798720850867744,-0.41590525111641174,-1.339286814560533,5,6,6,16,17.0,0
31,OCO,Alpine,Esteban,Ocon,FRA,18.0,,,-0.9669873249271403,1.4962437973119868e-15,0.0,,2024,9,Canadian Grand Prix,Canada,Montréal,-0.8718331084917259,-0.4132749728692166,-1.3308168638550812,17,0,6,16,18.0,0
27,HUL,Haas F1 Team,Nico,Hulkenberg,GER,19.0,,,-0.9185551349030556,1.4962437973119868e-15,0.0,,2024,9,Canadian Grand Prix,Canada,Montréal,-0.8085698578959132,-0.3925758266630272,-1.2641620343904423,11,5,6,16,19.0,0
24,ZHO,Kick Sauber,Guanyu,Zhou,CHN,20.0,,,-0.8905483067859964,1.4962437973119868e-15,0.0,,2024,9,Canadian Grand Prix,Canada,Montréal,-0.7719866890430847,-0.38060615463955666,-1.2256176210351986,27,6,6,16,20.0,0
4,NOR,McLaren,Lando,Norris,GBR,1.0,,,-1.060551537330945,-1.219184563513526,-1.5161727637893883,,2024,10,Spanish Grand Prix,Spain,Barcelona,-1.1109052820140277,-1.3339103811115023,-0.045156357577579166,16,7,17,2,1.0,1
1,VER,Red Bull Racing,Max,Verstappen,NED,2.0,,,-1.0676870349403866,-1.242242810056627,-1.5135411052463221,,2024,10,Spanish Grand Prix,Spain,Barcelona,-1.1085751438705345,-1.3445458540240747,-0.057431648455046114,26,11,17,2,2.0,1
44,HAM,Mercedes,Lewis,Hamilton,GBR,3.0,,,-1.0822256113196238,-1.227607667273563,-1.4743293929546575,,2024,10,Spanish Grand Prix,Spain,Barcelona,-1.073856085532502,-1.3341009809844875,-0.11402073940016198,10,8,17,2,3.0,1
63,RUS,Mercedes,George,Russell,GBR,4.0,,,-1.0543079769226829,-1.2255018913335542,-1.4740662271003497,,2024,10,Spanish Grand Prix,Spain,Barcelona,-1.0736230717181516,-1.3213307894944786,-0.07584458477124391,21,8,17,2,4.0,1
16,LEC,Ferrari,Charles,Leclerc,MON,5.0,,,-1.072057527226169,-1.2017066232114495,-1.4703819051400602,,2024,10,Spanish Grand Prix,Spain,Barcelona,-1.0703608783172633,-1.3192341908916416,-0.10370949506309024,13,4,17,2,5.0,1
55,SAI,Ferrari,Carlos,Sainz,ESP,6.0,,,-1.059035244088938,-1.2189739859195257,-1.4697239905042927,,2024,10,Spanish Grand Prix,Spain,Barcelona,-1.0697783437813893,-1.319729750561405,-0.08640133492586441,22,4,17,2,6.0,1
10,GAS,Alpine,Pierre,Gasly,FRA,7.0,,,-1.0369152014996694,-1.1973897825344308,-1.453802456318751,,2024,10,Spanish Grand Prix,Spain,Barcelona,-1.055681008013262,-1.297848885142704,-0.07081171551148328,8,0,17,2,7.0,1
11,PER,Red Bull Racing,Sergio,Perez,MEX,8.0,,,-1.0524349088002045,-1.2000220024594415,-1.4269595391794887,,2024,10,Spanish Grand Prix,Spain,Barcelona,-1.0327291472998632,-1.297658285269719,-0.1172123150283044,18,11,17,2,8.0,1
31,OCO,Alpine,Esteban,Ocon,FRA,9.0,,,-1.033347452694948,-1.1942311186244168,-1.4185382318416822,,2024,10,Spanish Grand Prix,Spain,Barcelona,-1.0263212674052606,-1.284964333728905,-0.09879937871210485,17,0,17,2,9.0,1
81,PIA,McLaren,Oscar,Piastri,AUS,10.0,,,-1.0539512020422117,-1.2045494207304621,0.0,,2024,10,Spanish Grand Prix,Spain,Barcelona,-1.0377389443083722,-0.886550960904649,-1.450500949910375,19,7,17,2,10.0,0
14,ALO,Aston Martin,Fernando,Alonso,ESP,11.0,,,-1.0499374846369005,-1.1922306314814073,0.0,,2024,10,Spanish Grand Prix,Spain,Barcelona,-1.0241076361689423,-0.8803755250199288,-1.444977069015515,1,1,17,2,11.0,0
77,BOT,Kick Sauber,Valtteri,Bottas,FIN,12.0,,,-1.0273714734470412,-1.1818070405783612,0.0,,2024,10,Spanish Grand Prix,Spain,Barcelona,-1.0125734523586554,-0.8669572939617715,-1.4139205830955262,5,6,17,2,12.0,0
27,HUL,Haas F1 Team,Nico,Hulkenberg,GER,13.0,,,-1.0318311594529421,-1.1730680704273226,0.0,,2024,10,Spanish Grand Prix,Spain,Barcelona,-1.002903379063163,-0.8656993348000697,-1.420058228534259,11,5,17,2,13.0,0
18,STR,Aston Martin,Lance,Stroll,CAN,14.0,,,-1.0164006458725243,-1.1665401650132943,0.0,,2024,10,Spanish Grand Prix,Spain,Barcelona,-0.9956799508183374,-0.8567411407697659,-1.3988219753162425,24,1,17,2,14.0,0
24,ZHO,Kick Sauber,Guanyu,Zhou,CHN,15.0,,,-1.0164898395926427,-1.1280044653111245,0.0,,2024,10,Spanish Grand Prix,Spain,Barcelona,-0.9530384227924299,-0.842827350041847,-1.3989447282250178,27,6,17,2,15.0,0
20,MAG,Haas F1 Team,Kevin,Magnussen,DEN,16.0,,,-1.0114057975459152,1.4962437973119868e-15,0.0,,2024,10,Spanish Grand Prix,Spain,Barcelona,-0.9298535482646826,-0.4322587202185425,-1.391947812424862,15,5,17,2,16.0,0
22,TSU,RB,Yuki,Tsunoda,JPN,17.0,,,-1.0071244989802501,1.4962437973119868e-15,0.0,,2024,10,Spanish Grand Prix,Spain,Barcelona,-0.924261216720301,-0.4304289614378841,-1.3860556728036781,25,9,17,2,17.0,0
3,RIC,RB,Daniel,Ricciardo,AUS,18.0,,,-0.9990970641696278,1.4962437973119868e-15,0.0,,2024,10,Spanish Grand Prix,Spain,Barcelona,-0.9137755950745857,-0.4269981637241506,-1.3750079110139584,20,9,17,2,18.0,0
23,ALB,Williams,Alexander,Albon,THA,19.0,,,-0.992139954000422,1.4962437973119868e-15,0.0,,2024,10,Spanish Grand Prix,Spain,Barcelona,-0.9046880563149657,-0.4240248057055821,-1.3654331841295346,0,12,17,2,19.0,0
2,SAR,Williams,Logan,Sargeant,USA,20.0,,,-0.960386989638407,1.4962437973119868e-15,0.0,,2024,10,Spanish Grand Prix,Spain,Barcelona,-0.8632115973608049,-0.41045409474903644,-1.3217331486057566,23,12,17,2,20.0,0
1,VER,Red Bull Racing,Max,Verstappen,NED,1.0,,,-1.6893672641629933,-1.9986375277079598,-2.4463324758356557,,2024,11,Austrian Grand Prix,Austria,Spielberg,-1.934492608831351,-2.154328474388941,-0.04282405231085997,26,11,1,22,1.0,1
4,NOR,McLaren,Lando,Norris,GBR,2.0,,,-1.6791991800695387,-1.9318844304096658,-2.3931729732657447,,2024,11,Austrian Grand Prix,Austria,Spielberg,-1.8874238183328071,-2.1104142636531535,-0.07842239585551185,16,7,1,22,2.0,1
63,RUS,Mercedes,George,Russell,GBR,3.0,,,-1.6671580278536067,-1.941044555748705,-2.377119856153049,,2024,11,Austrian Grand Prix,Austria,Spielberg,-1.8732099756575047,-2.103933867971657,-0.07682660804144238,21,8,1,22,3.0,1
55,SAI,Ferrari,Carlos,Sainz,ESP,4.0,,,-1.6958784057316083,-1.941044555748705,-2.375672443954364,,2024,11,Austrian Grand Prix,Austria,Spielberg,-1.8719283996785843,-2.1157891800713355,-0.11770332666340189,22,4,1,22,4.0,1
44,HAM,Mercedes,Lewis,Hamilton,GBR,5.0,,,-1.6710825515387993,-1.9371488702596886,-2.3688301317423943,,2024,11,Austrian Grand Prix,Austria,Spielberg,-1.8658700405055038,-2.1017991493942234,-0.08996116928033082,10,8,1,22,5.0,1
16,LEC,Ferrari,Charles,Leclerc,MON,6.0,,,-1.6739367505825755,-1.9317791416126648,-2.3502769390137885,,2024,11,Austrian Grand Prix,Austria,Spielberg,-1.8494425665938847,-2.095699953458698,-0.1111974224983453,13,4,1,22,6.0,1
81,PIA,McLaren,Oscar,Piastri,AUS,7.0,,,-1.6915971071659432,-1.9353589607106811,-2.349750607305175,,2024,11,Austrian Grand Prix,Austria,Spielberg,-1.8489765389651858,-2.104391307666822,-0.1359935100708262,19,7,1,22,7.0,1
11,PER,Red Bull Racing,Sergio,Perez,MEX,8.0,,,-1.6669796404133697,-1.9275675897326456,-2.3294868365235764,,2024,11,Austrian Grand Prix,Austria,Spielberg,-1.8377918758764227,-2.085178840469916,-0.1210176552003178,18,11,1,22,8.0,1
27,HUL,Haas F1 Team,Nico,Hulkenberg,GER,9.0,,,-1.6661768969323074,-1.9151435116865914,-2.305407160854532,,2024,11,Austrian Grand Prix,Austria,Spielberg,-1.8240440608298192,-2.0733616483448336,-0.14237666132710927,11,5,1,22,9.0,1
31,OCO,Alpine,Esteban,Ocon,FRA,10.0,,,-1.6681391587749044,-1.9138800461225858,-2.2398788631322186,,2024,11,Austrian Grand Prix,Austria,Spielberg,-1.8226459779437238,-2.0547591007414794,-0.20620817388993148,17,0,1,22,10.0,1
3,RIC,RB,Daniel,Ricciardo,AUS,11.0,,,-1.6685851273754941,-1.9123007141675787,0.0,,2024,11,Austrian Grand Prix,Austria,Spielberg,-1.8208983743361047,-1.4054781750941194,-2.296391244276549,20,9,1,22,11.0,0
20,MAG,Haas F1 Team,Kevin,Magnussen,DEN,12.0,,,-1.6740259443026941,-1.9061939639415526,0.0,,2024,11,Austrian Grand Prix,Austria,Spielberg,-1.814140973719978,-1.405592535017911,-2.303879171711804,15,5,1,22,12.0,0
10,GAS,Alpine,Pierre,Gasly,FRA,13.0,,,-1.665998509492072,-1.904930498377547,0.0,,2024,11,Austrian Grand Prix,Austria,Spielberg,-1.8127428908338827,-1.4017042976090126,-2.2928314099220843,8,0,1,22,13.0,0
22,TSU,RB,Yuki,Tsunoda,JPN,14.0,,,-1.6691202896962023,-1.8993501921365212,0.0,,2024,11,Austrian Grand Prix,Austria,Spielberg,-1.8065680247536269,-1.4010181380662643,-2.2971277617291967,25,9,1,22,14.0,0
14,ALO,Aston Martin,Fernando,Alonso,ESP,15.0,,,-1.660825273725226,-1.875449635217417,0.0,,2024,11,Austrian Grand Prix,Austria,Spielberg,-1.7801209568249916,-1.3888197461952136,-2.285711741213153,1,1,1,22,15.0,0
23,ALB,Williams,Alexander,Albon,THA,16.0,,,-1.6536897761157845,1.4962437973119868e-15,0.0,,2024,11,Austrian Grand Prix,Austria,Spielberg,-1.7688197868290534,-0.7067606572918076,-2.275891508511181,0,12,1,22,16.0,0
18,STR,Aston Martin,Lance,Stroll,CAN,17.0,,,-1.6462866973459889,1.4962437973119868e-15,0.0,,2024,11,Austrian Grand Prix,Austria,Spielberg,-1.7591497135335608,-0.7035966994002542,-2.2657030170828842,24,1,1,22,17.0,0
77,BOT,Kick Sauber,Valtteri,Bottas,FIN,18.0,,,-1.643789273182685,1.4962437973119868e-15,0.0,,2024,11,Austrian Grand Prix,Austria,Spielberg,-1.7558875201326727,-0.7025293401115373,-2.2622659356371946,5,6,1,22,18.0,0
2,SAR,Williams,Logan,Sargeant,USA,19.0,,,-1.6429865297016228,1.4962437973119868e-15,0.0,,2024,11,Austrian Grand Prix,Austria,Spielberg,-1.7548389579681012,-0.7021862603401641,-2.2611611594582226,23,12,1,22,19.0,0
24,ZHO,Kick Sauber,Guanyu,Zhou,CHN,20.0,,,-1.6247018170774274,1.4962437973119868e-15,0.0,,2024,11,Austrian Grand Prix,Austria,Spielberg,-1.7309550419973045,-0.6943716655477703,-2.235996813159416,27,6,1,22,20.0,0
63,RUS,Mercedes,George,Russell,GBR,1.0,,,0.5199611831603884,0.34445936074036076,0.38335837259481303,,2024,12,British Grand Prix,United Kingdom,Silverstone,0.5709884299586528,0.4579952647714368,0.3579641948384,21,8,19,20,1.0,1
44,HAM,Mercedes,Lewis,Hamilton,GBR,2.0,,,0.4701018936144148,0.34940793419938226,0.40585905313801635,,2024,12,British Grand Prix,United Kingdom,Silverstone,0.5909111110855103,0.4449963534338478,0.2683545714329002,10,8,19,20,2.0,1
4,NOR,McLaren,Lando,Norris,GBR,3.0,,,0.6528598261362406,0.32719199803228455,0.4111223702241469,,2024,12,British Grand Prix,United Kingdom,Silverstone,0.5955713873724955,0.516585665727083,0.5149651651611902,16,7,19,20,3.0,1
1,VER,Red Bull Racing,Max,Verstappen,NED,4.0,,,0.6302046212262628,0.35214544292139544,0.43388621662165794,,2024,12,British Grand Prix,United Kingdom,Silverstone,0.6157270823137033,0.5225323817642216,0.4625496731144099,26,11,19,20,4.0,1
81,PIA,McLaren,Oscar,Piastri,AUS,5.0,,,0.5903350283335072,0.34551224871036595,0.4383600361448671,,2024,12,British Grand Prix,United Kingdom,Silverstone,0.6196883171576392,0.5043872738560308,0.40350552399379963,19,7,19,20,5.0,1
27,HUL,Haas F1 Team,Nico,Hulkenberg,GER,6.0,,,0.6825613349355415,0.3575151715684178,0.4516499117873444,,2024,12,British Grand Prix,United Kingdom,Silverstone,0.6314555147822748,0.5519991221277314,0.5180339878805573,11,5,19,20,6.0,1
55,SAI,Ferrari,Carlos,Sainz,ESP,7.0,,,0.5601875509336166,0.35709401638041693,0.4741505923305496,,2024,12,British Grand Prix,United Kingdom,Silverstone,0.6513781959091339,0.5060645527383009,0.3286262496412577,22,4,19,20,7.0,1
18,STR,Aston Martin,Lance,Stroll,CAN,8.0,,,0.6362697941942881,0.3670964520954608,0.48415089479419515,,2024,12,British Grand Prix,United Kingdom,Silverstone,0.6602327208544035,0.545099406725666,0.42400525975916786,24,1,19,20,8.0,1
23,ALB,Williams,Alexander,Albon,THA,9.0,,,0.611741521161833,0.36657000811045903,0.49138795578762434,,2024,12,British Grand Prix,United Kingdom,Silverstone,0.666640600749008,0.5365224124413339,0.38349679986353064,0,12,19,20,9.0,1
14,ALO,Aston Martin,Fernando,Alonso,ESP,10.0,,,0.6232475110570569,0.34519638231936456,0.5278364266090725,,2024,12,British Grand Prix,United Kingdom,Silverstone,0.6771262223947233,0.5442607672845327,0.3653293693648798,1,1,19,20,10.0,1
16,LEC,Ferrari,Charles,Leclerc,MON,11.0,,,0.5547467340064166,0.3838373708185337,0.0,,2024,12,British Grand Prix,United Kingdom,Silverstone,0.23155306933243747,0.37605883769842596,0.763470512749375,13,4,19,20,11.0,0
2,SAR,Williams,Logan,Sargeant,USA,12.0,,,0.6539301507776569,0.3920498969845702,0.0,,2024,12,British Grand Prix,United Kingdom,Silverstone,0.23155306933243747,0.42142160746889984,0.8999717473067969,23,12,19,20,12.0,0
22,TSU,RB,Yuki,Tsunoda,JPN,13.0,,,0.5991652066251916,0.40194704390261465,0.0,,2024,12,British Grand Prix,United Kingdom,Silverstone,0.23155306933243747,0.4015992206784389,0.8246014613191558,25,9,19,20,13.0,0
24,ZHO,Kick Sauber,Guanyu,Zhou,CHN,14.0,,,0.6166471757683235,0.4649097445088919,0.0,,2024,12,British Grand Prix,United Kingdom,Silverstone,0.23155306933243747,0.4318664805084887,0.8486610314389886,27,6,19,20,14.0,0
3,RIC,RB,Daniel,Ricciardo,AUS,15.0,,,0.6256557415002435,0.47354342586292925,0.0,,2024,12,British Grand Prix,United Kingdom,Silverstone,0.23155306933243747,0.4388424358597457,0.8610590752252291,20,9,19,20,15.0,0
77,BOT,Kick Sauber,Valtteri,Bottas,FIN,16.0,,,0.7273365824347876,1.4962437973119868e-15,0.0,,2024,12,British Grand Prix,United Kingdom,Silverstone,0.23155306933243747,0.3108520645761055,1.0009973912283405,5,6,19,20,16.0,0
20,MAG,Haas F1 Team,Kevin,Magnussen,DEN,17.0,,,0.7696144057707299,1.4962437973119868e-15,0.0,,2024,12,British Grand Prix,United Kingdom,Silverstone,0.23155306933243747,0.32892093253510135,1.0591822699875293,15,5,19,20,17.0,0
31,OCO,Alpine,Esteban,Ocon,FRA,18.0,,,0.9169624314057009,1.4962437973119868e-15,0.0,,2024,12,British Grand Prix,United Kingdom,Silverstone,0.23155306933243747,0.3918951305694061,1.261970075283266,17,0,19,20,18.0,0
11,PER,Red Bull Racing,Sergio,Perez,MEX,19.0,,,1.2550958243731185,1.4962437973119868e-15,0.0,,2024,12,British Grand Prix,United Kingdom,Silverstone,0.23155306933243747,0.5364079542667748,1.7273263524479978,18,11,19,20,19.0,0
10,GAS,Alpine,Pierre,Gasly,FRA,20.0,,,1.3849618808649575,1.4962437973119868e-15,0.0,,2024,12,British Grand Prix,United Kingdom,Silverstone,0.23155306933243747,0.5919106372800625,1.906054587623902,8,0,19,20,20.0,0
4,NOR,McLaren,Lando,Norris,GBR,1.0,,,-0.5816704540172899,-0.8329852561158244,-1.0103679918123252,,2024,13,Hungarian Grand Prix,Hungary,Budapest,-0.6630527308348234,-0.8428869883270618,0.14204182830377476,16,7,8,3,1.0,1
81,PIA,McLaren,Oscar,Piastri,AUS,2.0,,,-0.6040580777669123,-0.8071895008507118,-1.007473167414955,,2024,13,Hungarian Grand Prix,Hungary,Budapest,-0.6604895788769829,-0.84227706873351,0.10853028420829507,19,7,8,3,2.0,1
1,VER,Red Bull Racing,Max,Verstappen,NED,3.0,,,-0.6412518590561272,-0.8087688328057189,-1.004315177163277,,2024,13,Hungarian Grand Prix,Hungary,Budapest,-0.6576934131047922,-0.8578300183691008,0.05439625143867015,26,11,8,3,3.0,1
55,SAI,Ferrari,Carlos,Sainz,ESP,4.0,,,-0.6272484449975982,-0.7966606211506646,-0.9486555989774555,,2024,13,Hungarian Grand Prix,Hungary,Budapest,-0.6084109913699316,-0.8313366360241595,0.021743977704610198,22,4,8,3,4.0,1
44,HAM,Mercedes,Lewis,Hamilton,GBR,5.0,,,-0.6412518590561272,-0.7522287488164692,-0.9278654964872431,,2024,13,Hungarian Grand Prix,Hungary,Budapest,-0.590002900036343,-0.8152118867696138,-0.016923188559407106,10,8,8,3,5.0,1
16,LEC,Ferrari,Charles,Leclerc,MON,6.0,,,-0.6100340570148204,-0.7960288883686618,-0.9211547672024275,,2024,13,Hungarian Grand Prix,Hungary,Budapest,-0.5856921444708817,-0.8157836863885688,0.019779931164214996,13,4,8,3,6.0,1
14,ALO,Aston Martin,Fernando,Alonso,ESP,7.0,,,-0.5933548313527507,-0.7722336202465571,-0.9029963232552795,,2024,13,Hungarian Grand Prix,Hungary,Budapest,-0.5679830945803408,-0.794779580385601,0.025794823694172353,1,1,8,3,7.0,1
18,STR,Aston Martin,Lance,Stroll,CAN,8.0,,,-0.6128882560585968,-0.7766557497205767,-0.8765481548974787,,2024,13,Hungarian Grand Prix,Hungary,Budapest,-0.5642548735507537,-0.7970667788614229,-0.02576139799118289,24,1,8,3,8.0,1
3,RIC,RB,Daniel,Ricciardo,AUS,9.0,,,-0.6445520267004946,-0.7632840725015183,-0.8498368206853703,,2024,13,Hungarian Grand Prix,Hungary,Budapest,-0.5494584963395787,-0.7980197782263495,-0.09425752108744347,20,9,8,3,9.0,1
22,TSU,RB,Yuki,Tsunoda,JPN,10.0,,,-0.6101232507349376,-0.7718124650585562,-0.8458893328707728,,2024,13,Hungarian Grand Prix,Hungary,Budapest,-0.5588955558207225,-0.7852495867363406,-0.05055748556366378,25,9,8,3,10.0,1
27,HUL,Haas F1 Team,Nico,Hulkenberg,GER,11.0,,,-0.6167235860236723,-0.7511758608464655,0.0,,2024,13,Hungarian Grand Prix,Hungary,Budapest,-0.536060202014499,-0.5355422348151285,-0.8487661910969962,11,5,8,3,11.0,0
77,BOT,Kick Sauber,Valtteri,Bottas,FIN,12.0,,,-0.6055743710089196,-0.7441215114474337,0.0,,2024,13,Hungarian Grand Prix,Hungary,Budapest,-0.5282542392337992,-0.5282231996924982,-0.833422077500164,5,6,8,3,12.0,0
23,ALB,Williams,Alexander,Albon,THA,13.0,,,-0.6240374710733494,-0.7393835155824127,0.0,,2024,13,Hungarian Grand Prix,Hungary,Budapest,-0.5230114284109415,-0.5343986355772169,-0.8588319296165176,0,12,8,3,13.0,0
2,SAR,Williams,Logan,Sargeant,USA,14.0,,,-0.5803325482155195,-0.7273805927243593,0.0,,2024,13,Hungarian Grand Prix,Hungary,Budapest,-0.5097296409930354,-0.5113741709206073,-0.7986830043169353,23,12,8,3,14.0,0
20,MAG,Haas F1 Team,Kevin,Magnussen,DEN,15.0,,,-0.5731078568859596,-0.7268541487393575,0.0,,2024,13,Hungarian Grand Prix,Hungary,Budapest,-0.5091471064571629,-0.5080958531052606,-0.7887400187061875,15,5,8,3,15.0,0
11,PER,Red Bull Racing,Sergio,Perez,MEX,16.0,,,-0.5699860766818291,1.4962437973119868e-15,0.0,,2024,13,Hungarian Grand Prix,Hungary,Budapest,-0.35326086465753453,-0.2436029659378033,-0.7844436668990749,18,11,8,3,16.0,0
63,RUS,Mercedes,George,Russell,GBR,17.0,,,-0.5626721916321507,1.4962437973119868e-15,0.0,,2024,13,Hungarian Grand Prix,Hungary,Budapest,-0.34370729826921553,-0.24047712802084648,-0.7743779283795519,21,8,8,3,17.0,0
24,ZHO,Kick Sauber,Guanyu,Zhou,CHN,18.0,,,-0.556517824944007,1.4962437973119868e-15,0.0,,2024,13,Hungarian Grand Prix,Hungary,Budapest,-0.3356683216741671,-0.23784684977365134,-0.7659079776741001,27,6,8,3,18.0,0
31,OCO,Alpine,Esteban,Ocon,FRA,19.0,,,-0.5554475003025907,1.4962437973119868e-15,0.0,,2024,13,Hungarian Grand Prix,Hungary,Budapest,-0.3342702387880717,-0.23738941007848635,-0.7644349427688041,17,0,8,3,19.0,0
10,GAS,Alpine,Pierre,Gasly,FRA,20.0,,,-0.5450118350487831,1.4962437973119868e-15,0.0,,2024,13,Hungarian Grand Prix,Hungary,Budapest,-0.3206389306486434,-0.2329293730506328,-0.7500728524421703,8,0,8,3,20.0,0
1,VER,Red Bull Racing,Max,Verstappen,NED,1.0,,,2.7348196411310886,3.199259802610935,3.9808356009644474,,2024,14,Belgian Grand Prix,Belgium,Spa-Francorchamps,3.7562872721125093,3.480375570672146,0.050099899631555755,26,11,4,21,1.0,1
16,LEC,Ferrari,Charles,Leclerc,MON,2.0,,,2.7714782600995953,3.2367426143430995,4.0591274426206265,,2024,14,Belgian Grand Prix,Belgium,Spa-Francorchamps,3.8256088818814025,3.5322949760733104,0.027513364417018807,13,4,4,21,2.0,1
11,PER,Red Bull Racing,Sergio,Perez,MEX,3.0,,,2.75274757887481,3.2659076111122283,4.060574854819311,,2024,14,Belgian Grand Prix,Belgium,Spa-Francorchamps,3.8268904578603227,3.535268334091877,0.00038497157781872257,18,11,4,21,3.0,1
44,HAM,Mercedes,Lewis,Hamilton,GBR,4.0,,,2.8020717061000755,3.220317562011028,4.069785659720037,,2024,14,Belgian Grand Prix,Belgium,Spa-Francorchamps,3.835045941362545,3.542511129265314,0.05967462651597952,10,8,4,21,4.0,1
4,NOR,McLaren,Lando,Norris,GBR,5.0,,,2.792260396887093,3.254115265848177,4.088996767084411,,2024,14,Belgian Grand Prix,Belgium,Spa-Francorchamps,3.8520559498100377,3.556119960196458,0.02824988186966679,16,7,4,21,5.0,1
81,PIA,McLaren,Oscar,Piastri,AUS,6.0,,,2.7256326879589317,3.230741152914073,4.095049581733461,,2024,14,Belgian Grand Prix,Belgium,Spa-Francorchamps,3.8574152675400706,3.5209352236433933,-0.06909317478863858,19,7,4,21,6.0,1
63,RUS,Mercedes,George,Russell,GBR,7.0,,,2.7718350349800667,3.226424312237054,4.115708101296519,,2024,14,Belgian Grand Prix,Belgium,Spa-Francorchamps,3.8653377372279443,3.5451032875379127,-0.024779374720986163,21,8,4,21,7.0,1
55,SAI,Ferrari,Carlos,Sainz,ESP,8.0,,,2.755423390478351,3.228214221786062,4.15426189895242,,2024,14,Belgian Grand Prix,Belgium,Spa-Francorchamps,3.867318354649912,3.549906404337143,-0.08333251220649898,22,4,4,21,8.0,1
14,ALO,Aston Martin,Fernando,Alonso,ESP,9.0,,,2.7839653809161184,3.2435863861481296,4.192157781972553,,2024,14,Belgian Grand Prix,Belgium,Spa-Francorchamps,3.884328363097405,3.5786488651833075,-0.07940441912570857,1,1,4,21,9.0,1
31,OCO,Alpine,Esteban,Ocon,FRA,10.0,,,2.7775434330676205,3.264854723142223,4.198079013694449,,2024,14,Belgian Grand Prix,Belgium,Spa-Francorchamps,3.9078627583466763,3.5853198607377896,-0.09376650945234423,17,0,4,21,10.0,1
23,ALB,Williams,Alexander,Albon,THA,11.0,,,2.8047475177036163,3.2662234775032295,0.0,,2024,14,Belgian Grand Prix,Belgium,Spa-Francorchamps,0.23155306933243747,2.3812457414517874,3.8600353894989228,0,12,4,21,11.0,0
10,GAS,Alpine,Pierre,Gasly,FRA,12.0,,,2.732411410687902,3.283280262617305,0.0,,2024,14,Belgian Grand Prix,Belgium,Spa-Francorchamps,0.23155306933243747,2.3565058779383095,3.760482780482675,8,0,4,21,12.0,0
3,RIC,RB,Daniel,Ricciardo,AUS,13.0,,,2.7805760195516327,3.288228836076327,0.0,,2024,14,Belgian Grand Prix,Belgium,Spa-Francorchamps,0.23155306933243747,2.3788823030267703,3.82676935122099,20,9,4,21,13.0,0
77,BOT,Kick Sauber,Valtteri,Bottas,FIN,14.0,,,2.787711517161075,3.2968625174303643,0.0,,2024,14,Belgian Grand Prix,Belgium,Spa-Francorchamps,0.23155306933243747,2.385057738911491,3.8365895839229642,5,6,4,21,14.0,0
18,STR,Aston Martin,Lance,Stroll,CAN,15.0,,,2.8359653197449246,3.3970974521748056,0.0,,2024,14,Belgian Grand Prix,Belgium,Spa-Francorchamps,0.23155306933243747,2.4419708609848687,3.9029989075700544,24,1,4,21,15.0,0
27,HUL,Haas F1 Team,Nico,Hulkenberg,GER,16.0,,,2.857015037692778,1.4962437973119868e-15,0.0,,2024,14,Belgian Grand Prix,Belgium,Spa-Francorchamps,0.23155306933243747,1.2210426980295683,3.931968594040874,11,5,4,21,16.0,0
20,MAG,Haas F1 Team,Kevin,Magnussen,DEN,17.0,,,2.874140231955437,1.4962437973119868e-15,0.0,,2024,14,Belgian Grand Prix,Belgium,Spa-Francorchamps,0.23155306933243747,1.2283617331522003,3.955537152525608,15,5,4,21,17.0,0
22,TSU,RB,Yuki,Tsunoda,JPN,18.0,,,2.8824352479264137,1.4962437973119868e-15,0.0,,2024,14,Belgian Grand Prix,Belgium,Spa-Francorchamps,0.23155306933243747,1.2319068907897237,3.9669531730416514,25,9,4,21,18.0,0
2,SAR,Williams,Logan,Sargeant,USA,19.0,,,2.939251647641593,1.4962437973119868e-15,0.0,,2024,14,Belgian Grand Prix,Belgium,Spa-Francorchamps,0.23155306933243747,1.2561893146080367,4.0451467759311095,23,12,4,21,19.0,0
24,ZHO,Kick Sauber,Guanyu,Zhou,CHN,20.0,,,2.9878622251059146,1.4962437973119868e-15,0.0,,2024,14,Belgian Grand Prix,Belgium,Spa-Francorchamps,0.23155306933243747,1.2769647007634226,4.112047111213299,27,6,4,21,20.0,0
4,NOR,McLaren,Lando,Norris,GBR,1.0,,,-1.1505480009300284,-1.3640619481861647,-1.7411795692214311,,2024,15,Dutch Grand Prix,Netherlands,Zandvoort,-1.3101320932826113,-1.49001167708637,0.040893431473455984,16,7,13,26,1.0,1
1,VER,Red Bull Racing,Max,Verstappen,NED,2.0,,,-1.1491209014081396,-1.3308959771310174,-1.6943360471548776,,2024,15,Dutch Grand Prix,Netherlands,Zandvoort,-1.2686556343284505,-1.4638232545382055,-0.000842557509926751,26,11,13,26,2.0,1
81,PIA,McLaren,Oscar,Piastri,AUS,3.0,,,-1.1359202308306728,-1.3631143490131605,-1.6755196885719639,,2024,15,Dutch Grand Prix,Netherlands,Zandvoort,-1.2519951466024812,-1.4643950541571604,-0.0002287929660540142,19,7,13,26,3.0,1
63,RUS,Mercedes,George,Russell,GBR,4.0,,,-1.1798035411287382,-1.3581657755541376,-1.6660457178169301,,2024,15,Dutch Grand Prix,Netherlands,Zandvoort,-1.2436066492859088,-1.4786138046818562,-0.06946143351496083,21,8,13,26,4.0,1
11,PER,Red Bull Racing,Sergio,Perez,MEX,5.0,,,-1.1836388710938137,-1.34489938713208,-1.643413454346573,,2024,15,Dutch Grand Prix,Netherlands,Zandvoort,-1.223567461251876,-1.4688932111596107,-0.09585330890151293,18,11,13,26,5.0,1
16,LEC,Ferrari,Charles,Leclerc,MON,6.0,,,-1.1511723569708536,-1.3437412103650754,-1.6215706884391352,,2024,15,Dutch Grand Prix,Netherlands,Zandvoort,-1.2042273146608913,-1.4482703049026147,-0.07154823296412953,13,4,13,26,6.0,1
14,ALO,Aston Martin,Fernando,Alonso,ESP,7.0,,,-1.140201529396338,-1.3273161580330024,-1.6148599591543196,,2024,15,Dutch Grand Prix,Netherlands,Zandvoort,-1.198285462394986,-1.4356907132855907,-0.06271002353235548,1,1,13,26,7.0,1
18,STR,Aston Martin,Lance,Stroll,CAN,8.0,,,-1.1379716863933869,-1.3466892966810875,-1.5853853834719929,,2024,15,Dutch Grand Prix,Netherlands,Zandvoort,-1.195023268994096,-1.4332129149367838,-0.08713785237851239,24,1,13,26,8.0,1
10,GAS,Alpine,Pierre,Gasly,FRA,9.0,,,-1.1201329423697823,-1.3304748219430165,-1.5695954322136034,,2024,15,Dutch Grand Prix,Netherlands,Zandvoort,-1.1770812052892063,-1.415144046977788,-0.07731761967653988,8,0,13,26,9.0,1
55,SAI,Ferrari,Carlos,Sainz,ESP,10.0,,,-1.1550076869359291,-1.3200512310399701,0.0,,2024,15,Dutch Grand Prix,Netherlands,Zandvoort,-1.1655470214789194,-0.9715585042560432,-1.5895799955520629,22,4,13,26,10.0,0
23,ALB,Williams,Alexander,Albon,THA,10.0,,,-1.2675189981055877e-15,-1.335423395402038,-1.6122283006112534,,2024,15,Dutch Grand Prix,Netherlands,Zandvoort,-1.1959553242514924,-0.950559588300959,1.5040379309876195,0,12,13,26,10.0,1
44,HAM,Mercedes,Lewis,Hamilton,GBR,11.0,,,-1.150726388370264,-1.3164714119419554,0.0,,2024,15,Dutch Grand Prix,Netherlands,Zandvoort,-1.1615857866349837,-0.9684326663390863,-1.5836878559308791,10,8,13,26,11.0,0
22,TSU,RB,Yuki,Tsunoda,JPN,12.0,,,-1.1303902201833558,-1.3157343903629515,0.0,,2024,15,Dutch Grand Prix,Netherlands,Zandvoort,-1.160770238284761,-0.9594744723087809,-1.5557001927302574,25,9,13,26,12.0,0
27,HUL,Haas F1 Team,Nico,Hulkenberg,GER,13.0,,,-1.1099648582763288,-1.2883593031428304,0.0,,2024,15,Dutch Grand Prix,Netherlands,Zandvoort,-1.1304784424193615,-0.94083380473083,-1.5275897766208606,11,5,13,26,13.0,0
20,MAG,Haas F1 Team,Kevin,Magnussen,DEN,14.0,,,-1.127981989740169,-1.2799361993827936,0.0,,2024,15,Dutch Grand Prix,Netherlands,Zandvoort,-1.1211578898453929,-0.9454844416316686,-1.5523858641933417,15,5,13,26,14.0,0
3,RIC,RB,Daniel,Ricciardo,AUS,15.0,,,-1.100064355343228,1.4962437973119868e-15,0.0,,2024,15,Dutch Grand Prix,Netherlands,Zandvoort,-1.0456614139962455,-0.47014997496799604,-1.513964203746873,20,9,13,26,15.0,0
31,OCO,Alpine,Esteban,Ocon,FRA,16.0,,,-1.0954262818970906,1.4962437973119868e-15,0.0,,2024,15,Dutch Grand Prix,Netherlands,Zandvoort,-1.039603054823165,-0.4681677362889509,-1.50758105249059,17,0,13,26,16.0,0
77,BOT,Kick Sauber,Valtteri,Bottas,FIN,17.0,,,-1.0799957683166728,1.4962437973119868e-15,0.0,,2024,15,Dutch Grand Prix,Netherlands,Zandvoort,-1.0194473598819571,-0.4615729806836639,-1.4863447992725738,5,6,13,26,17.0,0
24,ZHO,Kick Sauber,Guanyu,Zhou,CHN,18.0,,,-0.9825070322276767,1.4962437973119868e-15,0.0,,2024,15,Dutch Grand Prix,Netherlands,Zandvoort,-0.892105310340109,-0.4199078484491019,-1.3521758699818727,27,6,13,26,18.0,0
2,SAR,Williams,Logan,Sargeant,USA,20.0,,,-1.2675189981055877e-15,1.4962437973119868e-15,0.0,,2024,15,Dutch Grand Prix,Netherlands,Zandvoort,0.23155306933243747,0.0,-4.633625592485486e-16,23,12,13,26,20.0,0
4,NOR,McLaren,Lando,Norris,GBR,1.0,,,-0.3893687934428359,-0.392141063074883,-0.4708779904840341,,2024,16,Italian Grand Prix,Italy,Monza,-0.18537441141892025,-0.4448000936102006,-0.09658982635416091,16,7,9,17,1.0,1
81,PIA,McLaren,Oscar,Piastri,AUS,2.0,,,-0.3746518296233632,-0.38361267051784514,-0.45653545142432955,,2024,16,Italian Grand Prix,Italy,Monza,-0.17267515853688664,-0.43126750262825164,-0.08971566346278206,19,7,9,17,2.0,1
63,RUS,Mercedes,George,Russell,GBR,3.0,,,-0.36635681365238687,-0.37634774352481437,-0.45600911971571784,,2024,16,Italian Grand Prix,Italy,Monza,-0.1722091309081893,-0.42493958684514466,-0.07879065458183585,21,8,9,17,3.0,1
16,LEC,Ferrari,Charles,Leclerc,MON,4.0,,,-0.3748302170635988,-0.36266019991475307,-0.4532458782454996,,2024,16,Italian Grand Prix,Italy,Monza,-0.16976248585752238,-0.4228048682677096,-0.09302999199969625,13,4,9,17,4.0,1
55,SAI,Ferrari,Carlos,Sainz,ESP,5.0,,,-0.368140688054747,-0.38456026969084933,-0.45245638068258015,,2024,16,Italian Grand Prix,Italy,Monza,-0.16906344441447468,-0.42764610504153316,-0.08456004129424445,22,4,9,17,5.0,1
44,HAM,Mercedes,Lewis,Hamilton,GBR,6.0,,,-0.3388851478560358,-0.40119589961692276,-0.44640356603353015,,2024,16,Italian Grand Prix,Italy,Monza,-0.16370412668444184,-0.41941219052857437,-0.04994372101979105,10,8,9,17,6.0,1
1,VER,Red Bull Racing,Max,Verstappen,NED,7.0,,,-0.3612727716056595,-0.39898483487991293,-0.37942785611253,,2024,16,Italian Grand Prix,Italy,Monza,-0.14634459751542472,-0.40877671761599893,-0.14323593168853252,26,11,9,17,7.0,1
11,PER,Red Bull Racing,Sergio,Perez,MEX,8.0,,,-0.32809270772175564,-0.3406548413416573,-0.37416453902640134,,2024,16,Italian Grand Prix,Italy,Monza,-0.09974183464558145,-0.3719528221552637,-0.10248196597534476,18,11,9,17,8.0,1
23,ALB,Williams,Alexander,Albon,THA,9.0,,,-0.3330875560483646,-0.33033653923561196,-0.34297938529108185,,2024,16,Italian Grand Prix,Italy,Monza,-0.07212969764519767,-0.36131734924268827,-0.13844856824632062,0,12,9,17,9.0,1
27,HUL,Haas F1 Team,Nico,Hulkenberg,GER,10.0,,,-0.3117702569401572,-0.32012352592656607,-0.3377160682049532,,2024,16,Italian Grand Prix,Italy,Monza,-0.06746942135821417,-0.34698423879420254,-0.11402073940016198,11,5,9,17,10.0,1
14,ALO,Aston Martin,Fernando,Alonso,ESP,11.0,,,-0.32639802703951276,-0.31907063795656093,0.0,,2024,16,Italian Grand Prix,Italy,Monza,-0.05791585496989518,-0.25501734175552987,-0.4492054730354801,1,1,9,17,11.0,0
3,RIC,RB,Daniel,Ricciardo,AUS,12.0,,,-0.3010670105259955,-0.3129638877305348,0.0,,2024,16,Italian Grand Prix,Italy,Monza,-0.05115845435376861,-0.24198031044334256,-0.4143436469434779,20,9,9,17,12.0,0
20,MAG,Haas F1 Team,Kevin,Magnussen,DEN,13.0,,,-0.30508072793130664,-0.28990564118743384,0.0,,2024,16,Italian Grand Prix,Italy,Monza,-0.02564344168252956,-0.23534743486345888,-0.4198675278383378,15,5,9,17,13.0,0
10,GAS,Alpine,Pierre,Gasly,FRA,14.0,,,-0.31471364970405197,-0.28569408930741463,0.0,,2024,16,Italian Grand Prix,Italy,Monza,-0.020983165395544404,-0.23793959313605734,-0.4331248419859997,8,0,9,17,14.0,0
31,OCO,Alpine,Esteban,Ocon,FRA,15.0,,,-0.31328655018216445,-0.28274600299140107,0.0,,2024,16,Italian Grand Prix,Italy,Monza,-0.017953985809004962,-0.23626231425378727,-0.43116079544560626,17,0,9,17,15.0,0
22,TSU,RB,Yuki,Tsunoda,JPN,16.0,,,-0.29714248684080286,1.4962437973119868e-15,0.0,,2024,16,Italian Grand Prix,Italy,Monza,0.0031337643895992654,-0.12699396364546595,-0.4089425189573933,25,9,9,17,16.0,0
18,STR,Aston Martin,Lance,Stroll,CAN,17.0,,,-0.29107731387277636,1.4962437973119868e-15,0.0,,2024,16,Italian Grand Prix,Italy,Monza,0.011056234077474195,-0.12440180537286749,-0.400595321160715,24,1,9,17,17.0,0
43,COL,Williams,Franco,Colapinto,ARG,18.0,,,-0.2867960153071112,1.4962437973119868e-15,0.0,,2024,16,Italian Grand Prix,Italy,Monza,0.01664856562185572,-0.12257204659220908,-0.39470318153953116,6,12,9,17,18.0,0
77,BOT,Kick Sauber,Valtteri,Bottas,FIN,19.0,,,-0.283228266502391,1.4962437973119868e-15,0.0,,2024,16,Italian Grand Prix,Italy,Monza,0.02130884190883922,-0.12104724760832897,-0.3897930651885458,5,6,9,17,19.0,0
24,ZHO,Kick Sauber,Guanyu,Zhou,CHN,20.0,,,-0.2525456267817923,1.4962437973119868e-15,0.0,,2024,16,Italian Grand Prix,Italy,Monza,0.06138721797690461,-0.10793397634694832,-0.34756606457006384,27,6,9,17,20.0,0
16,LEC,Ferrari,Charles,Leclerc,MON,1.0,,,1.6499564233355983,1.9588524851484712,2.4289465581191108,,2024,17,Azerbaijan Grand Prix,Azerbaijan,Baku,2.3822048088951497,2.118043918523223,0.004804076293708358,13,4,2,1,1.0,1
81,PIA,McLaren,Oscar,Piastri,AUS,2.0,,,1.6729684031260474,2.0159190131227227,2.471184677735303,,2024,17,Azerbaijan Grand Prix,Azerbaijan,Baku,2.419603526098201,2.1607764100465015,-0.002929356959097196,19,7,2,1,2.0,1
55,SAI,Ferrari,Carlos,Sainz,ESP,3.0,,,1.701867168444286,2.0059165774076786,2.486843046066539,,2024,17,Azerbaijan Grand Prix,Azerbaijan,Baku,2.4334678480519796,2.1740421612062706,0.02223498933970769,22,4,2,1,3.0,1
11,PER,Red Bull Racing,Sergio,Perez,MEX,4.0,,,1.6890232727472907,1.980647266127568,2.487895709483764,,2024,17,Azerbaijan Grand Prix,Azerbaijan,Baku,2.434399903309376,2.159709050757783,0.003576547205959396,18,11,2,1,4.0,1
63,RUS,Mercedes,George,Russell,GBR,5.0,,,1.6824229374585573,1.9875963267295973,2.495922268040111,,2024,17,Azerbaijan Grand Prix,Azerbaijan,Baku,2.4415068246470266,2.1617294094114268,-0.012995095478618452,21,8,2,1,5.0,1
1,VER,Red Bull Racing,Max,Verstappen,NED,6.0,,,1.6786768012136002,1.9573784419904652,2.515528124185944,,2024,17,Azerbaijan Grand Prix,Azerbaijan,Baku,2.4588663538160436,2.1548678139839614,-0.036440901054578624,26,11,2,1,6.0,1
44,HAM,Mercedes,Lewis,Hamilton,GBR,7.0,,,1.6779632514526563,2.0335022422218003,2.5505291828087073,,2024,17,Azerbaijan Grand Prix,Azerbaijan,Baku,2.4898571911244907,2.192263509063653,-0.0700751980588353,10,8,2,1,7.0,1
14,ALO,Aston Martin,Fernando,Alonso,ESP,8.0,,,1.7121244462578582,1.9978093400386432,2.5610558169809665,,2024,17,Azerbaijan Grand Prix,Azerbaijan,Baku,2.4991777436984592,2.196990385913687,-0.03288106670011396,1,1,2,1,8.0,1
43,COL,Williams,Franco,Colapinto,ARG,9.0,,,1.68233374373844,2.0027579134976645,2.5822406682526386,,2024,17,Azerbaijan Grand Prix,Azerbaijan,Baku,2.511294462044619,2.1921872691144584,-0.09364375654356898,6,12,2,1,9.0,1
23,ALB,Williams,Alexander,Albon,THA,10.0,,,1.6610164446302327,2.0413989019968355,2.6255314512860544,,2024,17,Azerbaijan Grand Prix,Azerbaijan,Baku,2.554052496977701,2.209608097505306,-0.16336740872757502,0,12,2,1,10.0,1
50,BEA,Haas F1 Team,Oliver,Bearman,GBR,11.0,,,1.712035252537741,2.054875868012895,0.0,,2024,17,Azerbaijan Grand Prix,Azerbaijan,Baku,0.23155306933243747,1.4756676249245664,2.3561895041005765,3,5,2,1,11.0,0
22,TSU,RB,Yuki,Tsunoda,JPN,12.0,,,1.7000832940419262,2.061930217411925,0.0,,2024,17,Azerbaijan Grand Prix,Azerbaijan,Baku,0.23155306933243747,1.4731135866265646,2.3397406143247723,25,9,2,1,12.0,0
27,HUL,Haas F1 Team,Nico,Hulkenberg,GER,13.0,,,1.6790335760940727,2.078355269743998,0.0,,2024,17,Azerbaijan Grand Prix,Azerbaijan,Baku,0.23155306933243747,1.4700639886588012,2.310770927853952,11,5,2,1,13.0,0
18,STR,Aston Martin,Lance,Stroll,CAN,14.0,,,1.7030266868058208,2.1007817835050964,0.0,,2024,17,Azerbaijan Grand Prix,Azerbaijan,Baku,0.23155306933243747,1.4884378164145737,2.343791460314336,24,1,2,1,14.0,0
3,RIC,RB,Daniel,Ricciardo,AUS,15.0,,,1.71881397526671,1.4962437973119868e-15,0.0,,2024,17,Azerbaijan Grand Prix,Azerbaijan,Baku,0.23155306933243747,0.7345937021967729,2.36551872516745,20,9,2,1,15.0,0
10,GAS,Alpine,Pierre,Gasly,FRA,15.0,,,-1.2675189981055877e-15,2.0770918041799926,0.0,,2024,17,Azerbaijan Grand Prix,Azerbaijan,Baku,0.23155306933243747,0.7520143554371425,-4.633625592485486e-16,8,0,2,1,15.0,0
4,NOR,McLaren,Lando,Norris,GBR,16.0,,,1.724343985914027,1.4962437973119868e-15,0.0,,2024,17,Azerbaijan Grand Prix,Azerbaijan,Baku,0.23155306933243747,0.7369571406217896,2.373129405511478,16,7,2,1,16.0,0
77,BOT,Kick Sauber,Valtteri,Bottas,FIN,17.0,,,1.7251467293950893,1.4962437973119868e-15,0.0,,2024,17,Azerbaijan Grand Prix,Azerbaijan,Baku,0.23155306933243747,0.7373002203931613,2.37423418169045,5,6,2,1,17.0,0
24,ZHO,Kick Sauber,Guanyu,Zhou,CHN,18.0,,,1.7811603856292064,1.4962437973119868e-15,0.0,,2024,17,Azerbaijan Grand Prix,Azerbaijan,Baku,0.23155306933243747,0.7612395644401024,2.4513230084009363,27,6,2,1,18.0,0
31,OCO,Alpine,Esteban,Ocon,FRA,19.0,,,1.8041723654196569,1.4962437973119868e-15,0.0,,2024,17,Azerbaijan Grand Prix,Azerbaijan,Baku,0.23155306933243747,0.7710745178861379,2.4829932588647994,17,0,2,1,19.0,0
4,NOR,McLaren,Lando,Norris,GBR,1.0,,,0.5106850362681142,0.6902277700898843,0.8710047006247279,,2024,18,Singapore Grand Prix,Singapore,Marina Bay,1.0027630279477604,0.7204894098466363,-0.10972438759305109,16,7,16,9,1.0,1
1,VER,Red Bull Racing,Max,Verstappen,NED,2.0,,,0.5245100628864077,0.6557983334707329,0.8977160348368346,,2024,18,Singapore Grand Prix,Singapore,Marina Bay,1.0208215985598252,0.7216711290591447,-0.1156165272142332,26,11,16,9,2.0,1
44,HAM,Mercedes,Lewis,Hamilton,GBR,3.0,,,0.5455597808342609,0.6820152439238478,0.9125849056051508,,2024,18,Singapore Grand Prix,Singapore,Marina Bay,1.039579210614936,0.7444668738681725,-0.10051791943494956,10,8,16,9,3.0,1
63,RUS,Mercedes,George,Russell,GBR,4.0,,,0.5828427558435944,0.7055999344519521,0.9160060617111365,,2024,18,Singapore Grand Prix,Singapore,Marina Bay,1.042608390201477,0.7699310168989937,-0.05239877919528374,21,8,16,9,4.0,1
81,PIA,McLaren,Oscar,Piastri,AUS,5.0,,,0.5335186286183277,0.6515867815907137,0.9273221934463152,,2024,18,Singapore Grand Prix,Singapore,Marina Bay,1.01616132227284,0.7325734417938968,-0.13083788790229206,19,7,16,9,5.0,1
27,HUL,Haas F1 Team,Nico,Hulkenberg,GER,6.0,,,0.5750829021933263,0.7052840680609507,0.9486386276451393,,2024,18,Singapore Grand Prix,Singapore,Marina Bay,1.0715021031807794,0.7759539728853273,-0.09352100363479374,11,5,16,9,6.0,1
14,ALO,Aston Martin,Fernando,Alonso,ESP,7.0,,,0.5715151533886048,0.7368707071610896,0.9616653374333107,,2024,18,Singapore Grand Prix,Singapore,Marina Bay,1.0830362869910664,0.789639043765663,-0.11058365795447256,1,1,16,9,7.0,1
22,TSU,RB,Yuki,Tsunoda,JPN,8.0,,,0.5743693524323812,0.7199192108440148,0.9800869472347646,,2024,18,Singapore Grand Prix,Singapore,Marina Bay,1.0917743050291624,0.790058363486228,-0.12384097210213624,25,9,16,9,8.0,1
16,LEC,Ferrari,Charles,Leclerc,MON,9.0,,,0.5806129128406433,0.6628526828697632,0.0,,2024,18,Singapore Grand Prix,Singapore,Marina Bay,0.23155306933243747,0.4881315630137148,0.7990688562940269,13,4,16,9,9.0,0
55,SAI,Ferrari,Carlos,Sainz,ESP,10.0,,,0.5702664413069529,0.7008619385869311,0.0,,2024,18,Singapore Grand Prix,Singapore,Marina Bay,0.23155306933243747,0.4974709567899902,0.7848295188761665,22,4,16,9,10.0,0
23,ALB,Williams,Alexander,Albon,THA,11.0,,,0.5710691847880152,0.7393976382891008,0.0,,2024,18,Singapore Grand Prix,Singapore,Marina Bay,0.23155306933243747,0.5117659472638793,0.7859342950551385,0,12,16,9,11.0,0
43,COL,Williams,Franco,Colapinto,ARG,12.0,,,0.5732990277909649,0.740134659868103,0.0,,2024,18,Singapore Grand Prix,Singapore,Marina Bay,0.23155306933243747,0.5129857864509827,0.7890031177745038,6,12,16,9,12.0,0
11,PER,Red Bull Racing,Sergio,Perez,MEX,13.0,,,0.5661635301815233,0.7504529619741483,0.0,,2024,18,Singapore Grand Prix,Singapore,Marina Bay,0.23155306933243747,0.5136719459937293,0.7791828850725314,18,11,16,9,13.0,0
20,MAG,Haas F1 Team,Kevin,Magnussen,DEN,14.0,,,0.5844482428057175,0.758244332952184,0.0,,2024,18,Singapore Grand Prix,Singapore,Marina Bay,0.23155306933243747,0.5243074189063048,0.8043472313713362,15,5,16,9,14.0,0
31,OCO,Alpine,Esteban,Ocon,FRA,15.0,,,0.5959542327009427,0.7704578334042378,0.0,,2024,18,Singapore Grand Prix,Singapore,Marina Bay,0.23155306933243747,0.5336468126825786,0.8201823566032679,17,0,16,9,15.0,0
3,RIC,RB,Daniel,Ricciardo,AUS,16.0,,,0.6072818351559309,1.4962437973119868e-15,0.0,,2024,18,Singapore Grand Prix,Singapore,Marina Bay,0.23155306933243747,0.25954257876849296,0.835771976017649,20,9,16,9,16.0,0
18,STR,Aston Martin,Lance,Stroll,CAN,17.0,,,0.6080845786369932,1.4962437973119868e-15,0.0,,2024,18,Singapore Grand Prix,Singapore,Marina Bay,0.23155306933243747,0.2598856585398647,0.8368767521966209,24,1,16,9,17.0,0
10,GAS,Alpine,Pierre,Gasly,FRA,18.0,,,0.6275288096227221,1.4962437973119868e-15,0.0,,2024,18,Singapore Grand Prix,Singapore,Marina Bay,0.23155306933243747,0.26819581300202006,0.8636368863094971,8,0,16,9,18.0,0
77,BOT,Kick Sauber,Valtteri,Bottas,FIN,19.0,,,0.650719176853408,1.4962437973119868e-15,0.0,,2024,18,Singapore Grand Prix,Singapore,Marina Bay,0.23155306933243747,0.27810700639725217,0.895552642590909,5,6,16,9,19.0,0
24,ZHO,Kick Sauber,Guanyu,Zhou,CHN,20.0,,,0.6937105499502941,1.4962437973119868e-15,0.0,,2024,18,Singapore Grand Prix,Singapore,Marina Bay,0.23155306933243747,0.29648083415302307,0.9547195446202946,27,6,16,9,20.0,0
4,NOR,McLaren,Lando,Norris,GBR,1.0,,,0.8330311407746428,0.9896691087592026,1.2400948112895707,,2024,19,United States Grand Prix,United States,Austin,1.3295649025725425,1.073594734538992,-0.010417284394350515,16,7,20,0,1.0,1
1,VER,Red Bull Racing,Max,Verstappen,NED,2.0,,,0.7821907203073714,0.9615569999600792,1.2441738820313217,,2024,19,United States Grand Prix,United States,Austin,1.3331766166949561,1.0428700350137805,-0.08419178256792047,26,11,20,0,2.0,1
55,SAI,Ferrari,Carlos,Sainz,ESP,3.0,,,0.8276795175675613,0.9880897768041956,1.2824645138329147,,2024,19,United States Grand Prix,United States,Austin,1.3670801266827675,1.0830103682644607,-0.05730889554627087,22,4,20,0,3.0,1
16,LEC,Ferrari,Charles,Leclerc,MON,4.0,,,0.7995834957303849,1.0013561652262546,1.2940438114223993,,2024,19,United States Grand Prix,United States,Austin,1.3773327345141324,1.0791602508301605,-0.10677831778245742,13,4,20,0,4.0,1
81,PIA,McLaren,Oscar,Piastri,AUS,5.0,,,0.8551511833639125,1.0113586009412985,1.3216762261245811,,2024,19,United States Grand Prix,United States,Austin,1.4017991850208016,1.1145355872562106,-0.05608136645852365,19,7,20,0,5.0,1
63,RUS,Mercedes,George,Russell,GBR,6.0,,,0.8258956431652013,1.0203081486863372,1.324834216376259,,2024,19,United States Grand Prix,United States,Austin,1.4045953507929925,1.1061873128194601,-0.09929039034720409,21,8,20,0,6.0,1
10,GAS,Alpine,Pierre,Gasly,FRA,7.0,,,0.8271443552468533,1.0224139246263475,1.3306238651710014,,2024,19,United States Grand Prix,United States,Austin,1.4097216547086748,1.1091606708380302,-0.102972977610444,8,0,20,0,7.0,1
14,ALO,Aston Martin,Fernando,Alonso,ESP,8.0,,,0.8648732988567763,1.050526033425471,1.3689144969725944,,2024,19,United States Grand Prix,United States,Austin,1.4436251646964862,1.1465563659177238,-0.08676959365218839,1,1,20,0,8.0,1
20,MAG,Haas F1 Team,Kevin,Magnussen,DEN,9.0,,,0.8283930673285052,1.055264029290492,1.3915467604429514,,2024,19,United States Grand Prix,United States,Austin,1.4628488043802979,1.1392373307950918,-0.15808903365026566,15,5,20,0,9.0,1
11,PER,Red Bull Racing,Sergio,Perez,MEX,10.0,,,0.8325851721740531,1.0074629154522807,0.0,,2024,19,United States Grand Prix,United States,Austin,0.23155306933243747,0.7205871681064494,1.145845823582439,18,11,20,0,10.0,0
22,TSU,RB,Yuki,Tsunoda,JPN,11.0,,,0.8489968166757688,1.0586332707945065,0.0,,2024,19,United States Grand Prix,United States,Austin,0.23155306933243747,0.746127551086464,1.1684323587969758,25,9,20,0,11.0,0
27,HUL,Haas F1 Team,Nico,Hulkenberg,GER,12.0,,,0.8316932349728724,1.0626342450805237,0.0,,2024,19,United States Grand Prix,United States,Austin,0.23155306933243747,0.7401808350493254,1.1446182944946917,11,5,20,0,12.0,0
31,OCO,Alpine,Esteban,Ocon,FRA,13.0,,,0.866032817218311,1.068214551321548,0.0,,2024,19,United States Grand Prix,United States,Austin,0.23155306933243747,0.7568773839228295,1.191878164372936,17,0,20,0,13.0,0
18,STR,Aston Martin,Lance,Stroll,CAN,14.0,,,0.8702249220638577,1.085271336435624,0.0,,2024,19,United States Grand Prix,United States,Austin,0.23155306933243747,0.7648444586136083,1.1976475510853446,24,1,20,0,14.0,0
30,LAW,RB,Liam,Lawson,NZL,15.0,,,0.8083244803019509,1.4962437973119868e-15,0.0,,2024,19,United States Grand Prix,United States,Austin,0.23155306933243747,0.34546500151021386,1.112457032395731,12,9,20,0,15.0,0
23,ALB,Williams,Alexander,Albon,THA,16.0,,,0.8718304090259822,1.4962437973119868e-15,0.0,,2024,19,United States Grand Prix,United States,Austin,0.23155306933243747,0.3726064234233068,1.1998571034432886,0,12,20,0,16.0,0
43,COL,Williams,Franco,Colapinto,ARG,17.0,,,0.87281153994728,1.4962437973119868e-15,0.0,,2024,19,United States Grand Prix,United States,Austin,0.23155306933243747,0.3730257431438735,1.2012073854398093,6,12,20,0,17.0,0
77,BOT,Kick Sauber,Valtteri,Bottas,FIN,18.0,,,0.8808389747579023,1.4962437973119868e-15,0.0,,2024,19,United States Grand Prix,United States,Austin,0.23155306933243747,0.376456540857607,1.212255147229529,5,6,20,0,18.0,0
44,HAM,Mercedes,Lewis,Hamilton,GBR,19.0,,,0.8810173621981379,1.4962437973119868e-15,0.0,,2024,19,United States Grand Prix,United States,Austin,0.23155306933243747,0.37653278080680197,1.2125006530470777,10,8,20,0,19.0,0
24,ZHO,Kick Sauber,Guanyu,Zhou,CHN,20.0,,,0.8876176974868712,1.4962437973119868e-15,0.0,,2024,19,United States Grand Prix,United States,Austin,0.23155306933243747,0.3793536589269805,1.2215843682964023,27,6,20,0,20.0,0
55,SAI,Ferrari,Carlos,Sainz,ESP,1.0,,,-0.6688127185725956,-0.7303286790403729,-0.915759867189145,,2024,20,Mexico City Grand Prix,Mexico,Mexico City,-0.579284264576279,-0.815554966540987,-0.06614710497804491,22,4,11,11,1.0,1
1,VER,Red Bull Racing,Max,Verstappen,NED,2.0,,,-0.6665828755696458,-0.7304339678373739,-0.8861537085796645,,2024,20,Mexico City Grand Prix,Mexico,Mexico City,-0.5530702104619906,-0.8060630928663249,-0.0906976867329788,26,11,11,11,2.0,1
4,NOR,McLaren,Lando,Norris,GBR,3.0,,,-0.6931626041648162,-0.752860481598472,-0.8744428280630261,,2024,20,Mexico City Grand Prix,Mexico,Mexico City,-0.5427010957234504,-0.8221497221462757,-0.1382030624287719,16,7,11,11,3.0,1
16,LEC,Ferrari,Charles,Leclerc,MON,4.0,,,-0.6515091368697005,-0.717062290618314,-0.8737849134272605,,2024,20,Mexico City Grand Prix,Mexico,Mexico City,-0.5421185611875778,-0.7911963027734809,-0.08149121857487902,13,4,11,11,4.0,1
63,RUS,Mercedes,George,Russell,GBR,5.0,,,-0.6317081310034991,-0.6858968067061775,-0.8618108670563163,,2024,20,Mexico City Grand Prix,Mexico,Mexico City,-0.531516432634689,-0.7679812382438848,-0.06541058752539693,21,8,11,11,5.0,1
44,HAM,Mercedes,Lewis,Hamilton,GBR,6.0,,,-0.6217184343502812,-0.6821064100141607,-0.8229939035461097,,2024,20,Mexico City Grand Prix,Mexico,Mexico City,-0.49714689501817866,-0.7510940894973956,-0.08787436983116037,10,8,11,11,6.0,1
20,MAG,Haas F1 Team,Kevin,Magnussen,DEN,7.0,,,-0.6378624976916428,-0.6789477461041467,-0.7920719156650979,,2024,20,Mexico City Grand Prix,Mexico,Mexico City,-0.4697677718321452,-0.7478920116312454,-0.1389395798814181,15,5,11,11,7.0,1
10,GAS,Alpine,Pierre,Gasly,FRA,8.0,,,-0.6357218484088102,-0.6742097502391255,-0.7912824181021785,,2024,20,Mexico City Grand Prix,Mexico,Mexico City,-0.4690687303890975,-0.745033013536467,-0.13673002752347418,8,0,11,11,8.0,1
23,ALB,Williams,Alexander,Albon,THA,9.0,,,-0.6321540996040901,-0.6805270780591537,-0.7685185717046673,,2024,20,Mexico City Grand Prix,Mexico,Mexico City,-0.4578840673003345,-0.7392006574231217,-0.153056164390505,0,12,11,11,9.0,1
27,HUL,Haas F1 Team,Nico,Hulkenberg,GER,10.0,,,-0.6324216807644428,-0.6797900564801499,-0.7290436935586951,,2024,20,Mexico City Grand Prix,Mexico,Mexico City,-0.4570685189501116,-0.7276121851456211,-0.1902502957492246,11,5,11,11,10.0,1
22,TSU,RB,Yuki,Tsunoda,JPN,11.0,,,-0.6327784556449154,-0.6656813576820877,0.0,,2024,20,Mexico City Grand Prix,Mexico,Mexico City,-0.44145659338871374,-0.5114504108698007,-0.870861714676434,25,9,11,11,11.0,0
30,LAW,RB,Liam,Lawson,NZL,12.0,,,-0.6151180990615478,-0.6622068273810723,0.0,,2024,20,Mexico City Grand Prix,Mexico,Mexico City,-0.43761186545195147,-0.5026446967378853,-0.8465566387390524,12,9,11,11,12.0,0
14,ALO,Aston Martin,Fernando,Alonso,ESP,13.0,,,-0.6216292406301628,-0.6615750945990695,0.0,,2024,20,Mexico City Grand Prix,Mexico,Mexico City,-0.43691282400890374,-0.5051987350358854,-0.8555176010796016,1,1,11,11,13.0,0
18,STR,Aston Martin,Lance,Stroll,CAN,14.0,,,-0.6127098686183612,-0.6483087061770121,0.0,,2024,20,Mexico City Grand Prix,Mexico,Mexico City,-0.4222329537049039,-0.4965836207769566,-0.8432423102021365,24,1,11,11,14.0,0
77,BOT,Kick Sauber,Valtteri,Bottas,FIN,15.0,,,-0.6139585807000131,-0.5932426653457699,0.0,,2024,20,Mexico City Grand Prix,Mexico,Mexico City,-0.410698769894617,-0.477180553707064,-0.8449608509249812,5,6,11,11,15.0,0
43,COL,Williams,Franco,Colapinto,ARG,16.0,,,-0.599241616880539,1.4962437973119868e-15,0.0,,2024,20,Mexico City Grand Prix,Mexico,Mexico City,-0.3914751302108055,-0.25610631760563063,-0.8247066209771616,6,12,11,11,16.0,0
81,PIA,McLaren,Oscar,Piastri,AUS,17.0,,,-0.5957630617959373,1.4962437973119868e-15,0.0,,2024,20,Mexico City Grand Prix,Mexico,Mexico City,-0.38693136083099716,-0.2546196385963472,-0.8199192575349515,19,7,11,11,17.0,0
11,PER,Red Bull Racing,Sergio,Perez,MEX,18.0,,,-0.5945143497142842,1.4962437973119868e-15,0.0,,2024,20,Mexico City Grand Prix,Mexico,Mexico City,-0.38530026413055146,-0.2540859589519888,-0.818200716812105,18,11,11,11,18.0,0
31,OCO,Alpine,Esteban,Ocon,FRA,19.0,,,-0.593979187393576,1.4962437973119868e-15,0.0,,2024,20,Mexico City Grand Prix,Mexico,Mexico City,-0.3846012226875038,-0.2538572391044071,-0.817464199359457,17,0,11,11,19.0,0
24,ZHO,Kick Sauber,Guanyu,Zhou,CHN,20.0,,,-0.5533960447398766,1.4962437973119868e-15,0.0,,2024,20,Mexico City Grand Prix,Mexico,Mexico City,-0.33159057992305613,-0.23651265066275462,-0.7616116258669874,27,6,11,11,20.0,0
4,NOR,McLaren,Lando,Norris,GBR,1.0,,,0.5947055206192907,0.1466217111764889,0.06571718644688683,,2024,21,São Paulo Grand Prix,Brazil,São Paulo,0.28974075603914246,0.326290752538672,0.7571566541735922,16,7,5,24,1.0,1
63,RUS,Mercedes,George,Russell,GBR,2.0,,,0.43210536884413764,0.3006592211881682,0.08848103284439793,,2024,21,São Paulo Grand Prix,Brazil,São Paulo,0.30989645098035035,0.31916231728902505,0.5121418482593717,21,8,5,24,2.0,1
22,TSU,RB,Yuki,Tsunoda,JPN,3.0,,,0.4366542485701569,0.31718956231724066,0.15861473301707602,,2024,21,São Paulo Grand Prix,Brazil,São Paulo,0.371994632504418,0.3474092184654314,0.4529749462299862,25,9,5,24,3.0,1
31,OCO,Alpine,Esteban,Ocon,FRA,4.0,,,0.4365650548500397,0.29002505269112144,0.2065109185008548,,2024,21,São Paulo Grand Prix,Brazil,São Paulo,0.4144031467159751,0.3514118157981183,0.408170134527238,17,0,5,24,4.0,1
30,LAW,RB,Liam,Lawson,NZL,5.0,,,0.5781154886773382,0.23190563674686476,0.207695164845234,,2024,21,São Paulo Grand Prix,Brazil,São Paulo,0.41545170888054667,0.39120906927742527,0.6018742245736485,12,9,5,24,5.0,1
16,LEC,Ferrari,Charles,Leclerc,MON,6.0,,,0.4961464598888771,0.27854857381806997,0.21309006485851836,,2024,21,São Paulo Grand Prix,Brazil,São Paulo,0.42022849207470697,0.37462688032771607,0.4840314321499749,13,4,5,24,6.0,1
23,ALB,Williams,Alexander,Albon,THA,7.0,,,0.4277348765583553,0.12693270613740243,0.2304590112427451,,2024,21,São Paulo Grand Prix,Brazil,São Paulo,0.4356074038217545,0.2955279330388622,0.3736765671615581,0,12,5,24,7.0,1
81,PIA,McLaren,Oscar,Piastri,AUS,8.0,,,0.5206747329213334,0.129986081250417,0.2342749161301905,,2024,21,São Paulo Grand Prix,Brazil,São Paulo,0.4389861041298194,0.33745990509560425,0.49802526375028655,19,7,5,24,8.0,1
14,ALO,Aston Martin,Fernando,Alonso,ESP,9.0,,,0.5289697488923084,0.5839913739164164,0.8016604980149693,,2024,21,São Paulo Grand Prix,Brazil,São Paulo,0.9413638878667404,0.6697517236579789,-0.01986925837000078,1,1,5,24,9.0,1
18,STR,Aston Martin,Lance,Stroll,CAN,10.0,,,0.5622390064963307,0.30350201870718085,0.0,,2024,21,São Paulo Grand Prix,Brazil,São Paulo,0.23155306933243747,0.3501753749470364,0.7737817570864467,24,1,5,24,10.0,0
77,BOT,Kick Sauber,Valtteri,Bottas,FIN,11.0,,,0.5669662736625856,0.3180318726932439,0.0,,2024,21,São Paulo Grand Prix,Brazil,São Paulo,0.23155306933243747,0.35745629009506846,0.7802876612515034,5,6,5,24,11.0,0
1,VER,Red Bull Racing,Max,Verstappen,NED,12.0,,,0.37867833049344396,0.454802019996847,0.0,,2024,21,São Paulo Grand Prix,Brazil,São Paulo,0.23155306933243747,0.32650287072227685,0.5211562708281994,26,11,5,24,12.0,0
11,PER,Red Bull Racing,Sergio,Perez,MEX,13.0,,,0.513628429032009,0.4955487844360265,0.0,,2024,21,São Paulo Grand Prix,Brazil,São Paulo,0.23155306933243747,0.39893082245664707,0.7068814218042574,18,11,5,24,13.0,0
55,SAI,Ferrari,Carlos,Sainz,ESP,14.0,,,0.5375323460236388,0.6269492030926057,0.0,,2024,21,São Paulo Grand Prix,Brazil,São Paulo,0.23155306933243747,0.4567207039457566,0.7397792013558661,22,4,5,24,14.0,0
10,GAS,Alpine,Pierre,Gasly,FRA,15.0,,,0.45877429115942653,0.648849272868702,0.0,,2024,21,São Paulo Grand Prix,Brazil,São Paulo,0.23155306933243747,0.43098972109275535,0.6313883829078427,8,0,5,24,15.0,0
44,HAM,Mercedes,Lewis,Hamilton,GBR,16.0,,,0.6130794269636034,1.4962437973119868e-15,0.0,,2024,21,São Paulo Grand Prix,Brazil,São Paulo,0.23155306933243747,0.26202037711730136,0.8437509150880033,10,8,5,24,16.0,0
50,BEA,Haas F1 Team,Oliver,Bearman,GBR,17.0,,,0.6201257308529264,1.4962437973119868e-15,0.0,,2024,21,São Paulo Grand Prix,Brazil,São Paulo,0.23155306933243747,0.26503185511046656,0.8534483948812005,3,5,5,24,17.0,0
43,COL,Williams,Franco,Colapinto,ARG,18.0,,,0.623782673377765,1.4962437973119868e-15,0.0,,2024,21,São Paulo Grand Prix,Brazil,São Paulo,0.23155306933243747,0.26659477406894494,0.8584812641409612,6,12,5,24,18.0,0
27,HUL,Haas F1 Team,Nico,Hulkenberg,GER,19.0,,,0.6552680565794272,1.4962437973119868e-15,0.0,,2024,21,São Paulo Grand Prix,Brazil,São Paulo,0.23155306933243747,0.2800511251017006,0.9018130409384169,11,5,5,24,19.0,0
24,ZHO,Kick Sauber,Guanyu,Zhou,CHN,20.0,,,0.7123520374549608,1.4962437973119868e-15,0.0,,2024,21,São Paulo Grand Prix,Brazil,São Paulo,0.23155306933243747,0.30444790884380346,0.9803749025541987,27,6,5,24,20.0,0
63,RUS,Mercedes,George,Russell,GBR,1.0,,,0.7946778411238944,0.9820883153751689,1.237726318600812,,2024,22,Las Vegas Grand Prix,United States,Las Vegas,1.3274677782433995,1.0537723477485343,-0.06099148280950903,21,8,20,6,1.0,1
55,SAI,Ferrari,Carlos,Sainz,ESP,2.0,,,0.8212575697190636,0.9749286771791376,1.2506214454618296,,2024,22,Las Vegas Grand Prix,United States,Las Vegas,1.3388854551465112,1.0662756994163631,-0.036440901054578624,22,4,20,6,2.0,1
10,GAS,Alpine,Pierre,Gasly,FRA,3.0,,,0.8397206697834947,0.9926171950752162,1.2840435089587539,,2024,22,Las Vegas Grand Prix,United States,Las Vegas,1.3684782095688628,1.0902531634378978,-0.04221028776698724,8,0,20,6,3.0,1
16,LEC,Ferrari,Charles,Leclerc,MON,4.0,,,0.8178682083545791,1.0070417602642798,1.2997018772899895,,2024,22,Las Vegas Grand Prix,United States,Las Vegas,1.3823425315226414,1.090672483158466,-0.08689234656096365,13,4,20,6,4.0,1
1,VER,Red Bull Racing,Max,Verstappen,NED,5.0,,,0.8047567314972307,1.0143066872573105,1.3015440382701344,,2024,22,Las Vegas Grand Prix,United States,Las Vegas,1.3839736282230855,1.0882328047842575,-0.10665556487368216,26,11,20,6,5.0,1
4,NOR,McLaren,Lando,Norris,GBR,6.0,,,0.8308904914918103,1.0157807304153181,1.3293080358994682,,2024,22,Las Vegas Grand Prix,United States,Las Vegas,1.4085565856369282,1.1079789516255218,-0.09658982635416091,16,7,20,6,6.0,1
22,TSU,RB,Yuki,Tsunoda,JPN,7.0,,,0.8484616543550606,1.014727842445313,1.3320712773696863,,2024,22,Las Vegas Grand Prix,United States,Las Vegas,1.411003230687595,1.115907906341704,-0.07498531440982069,25,9,20,6,7.0,1
81,PIA,McLaren,Oscar,Piastri,AUS,8.0,,,0.8182249832350516,1.007884070640283,1.3325976090783,,2024,22,Las Vegas Grand Prix,United States,Las Vegas,1.4104206961517225,1.1006599165028899,-0.11708956211952916,19,7,20,6,8.0,1
27,HUL,Haas F1 Team,Nico,Hulkenberg,GER,9.0,,,0.8601460316905214,1.0173600623703252,1.3364135139657436,,2024,22,Las Vegas Grand Prix,United States,Las Vegas,1.4148479586243574,1.123112581540546,-0.06295552934990423,11,5,20,6,9.0,1
44,HAM,Mercedes,Lewis,Hamilton,GBR,10.0,,,0.7981563962084961,0.9597670904110702,3.3159470700591145,,2024,22,Las Vegas Grand Prix,United States,Las Vegas,1.3571770395729246,1.649244470928855,-1.9949635605542626,10,8,20,6,10.0,1
31,OCO,Alpine,Esteban,Ocon,FRA,11.0,,,0.8644273302561866,1.0286259636493746,0.0,,2024,22,Las Vegas Grand Prix,United States,Las Vegas,0.23155306933243747,0.7418581139315972,1.189668612014992,17,0,20,6,11.0,0
20,MAG,Haas F1 Team,Kevin,Magnussen,DEN,12.0,,,0.8664787858189007,1.0366279122214093,0.0,,2024,22,Las Vegas Grand Prix,United States,Las Vegas,0.23155306933243747,0.7456319914167023,1.1924919289168088,15,5,20,6,12.0,0
24,ZHO,Kick Sauber,Guanyu,Zhou,CHN,13.0,,,0.874327833189286,1.0649505986145344,0.0,,2024,22,Las Vegas Grand Prix,United States,Las Vegas,0.23155306933243747,0.7592408223478447,1.203294184888978,27,6,20,6,13.0,0
43,COL,Williams,Franco,Colapinto,ARG,14.0,,,0.8446263243899852,1.0842184484656185,0.0,,2024,22,Las Vegas Grand Prix,United States,Las Vegas,0.23155306933243747,0.7535228261582894,1.1624174662670168,6,12,20,6,14.0,0
30,LAW,RB,Liam,Lawson,NZL,15.0,,,0.875041382950231,1.1377051573418553,0.0,,2024,22,Las Vegas Grand Prix,United States,Las Vegas,0.23155306933243747,0.7858866845911743,1.2042762081591765,12,9,20,6,15.0,0
11,PER,Red Bull Racing,Sergio,Perez,MEX,16.0,,,0.8811065559182563,1.4962437973119868e-15,0.0,,2024,22,Las Vegas Grand Prix,United States,Las Vegas,0.23155306933243747,0.37657090078139865,1.212623405955853,18,11,20,6,16.0,0
14,ALO,Aston Martin,Fernando,Alonso,ESP,17.0,,,0.8902935090904119,1.4962437973119868e-15,0.0,,2024,22,Las Vegas Grand Prix,United States,Las Vegas,0.23155306933243747,0.3804972581648938,1.2252669555596423,1,1,20,6,17.0,0
23,ALB,Williams,Alexander,Albon,THA,18.0,,,0.9051888603501217,1.4962437973119868e-15,0.0,,2024,22,Las Vegas Grand Prix,United States,Las Vegas,0.23155306933243747,0.3868632939225975,1.2457666913250105,0,12,20,6,18.0,0
77,BOT,Kick Sauber,Valtteri,Bottas,FIN,19.0,,,0.9056348289507126,1.4962437973119868e-15,0.0,,2024,22,Las Vegas Grand Prix,United States,Las Vegas,0.23155306933243747,0.3870538937955825,1.246380455868885,5,6,20,6,19.0,0
18,STR,Aston Martin,Lance,Stroll,CAN,20.0,,,0.9104512898370847,1.4962437973119868e-15,0.0,,2024,22,Las Vegas Grand Prix,United States,Las Vegas,0.23155306933243747,0.38911237242382424,1.253009112942715,24,1,20,6,20.0,0
1,VER,Red Bull Racing,Max,Verstappen,NED,1.0,,,-0.24059366828597747,-0.2910638179544385,-0.31389955839021677,,2024,23,Qatar Grand Prix,Qatar,Lusail,-0.04638167115960994,-0.2991436706749202,-0.03828219468619858,26,11,14,7,1.0,1
63,RUS,Mercedes,George,Russell,GBR,2.0,,,-0.27074114568586805,-0.2508434975002608,-0.3066624973967876,,2024,23,Qatar Grand Prix,Qatar,Lusail,-0.03997379126500556,-0.295369793189815,-0.08652408783463965,21,8,14,7,2.0,1
4,NOR,McLaren,Lando,Norris,GBR,3.0,,,-0.24068286200609465,-0.25989833404230056,-0.28074066074759857,,2024,23,Qatar Grand Prix,Qatar,Lusail,-0.01702193055160694,-0.27829204457034085,-0.06933868060618732,16,7,14,7,3.0,1
81,PIA,McLaren,Oscar,Piastri,AUS,4.0,,,-0.21900878801741597,-0.2453684800562375,-0.27324043389986535,,2024,23,Qatar Grand Prix,Qatar,Lusail,-0.010381036842655534,-0.2615954956968384,-0.04650663957409988,19,7,14,7,4.0,1
16,LEC,Ferrari,Charles,Leclerc,MON,5.0,,,-0.26744097804150074,-0.2581084244932931,-0.27021402657533944,,2024,23,Qatar Grand Prix,Qatar,Lusail,-0.0077013779776382825,-0.2860303994135396,-0.11598478594055718,13,4,14,7,5.0,1
44,HAM,Mercedes,Lewis,Hamilton,GBR,6.0,,,-0.23542043251913164,-0.24810598877824916,-0.24929234115797502,,2024,23,Qatar Grand Prix,Qatar,Lusail,0.010823220263123863,-0.26266285498555675,-0.09143420418562503,10,8,14,7,6.0,1
55,SAI,Ferrari,Carlos,Sainz,ESP,7.0,,,-0.2523672393415554,-0.237155953890201,-0.24534485334337763,,2024,23,Qatar Grand Prix,Qatar,Lusail,0.014318427478362315,-0.26479757356299016,-0.11843984411604988,22,4,14,7,7.0,1
14,ALO,Aston Martin,Fernando,Alonso,ESP,8.0,,,-0.2380070504025539,-0.2362083547171968,-0.21771243864119577,,2024,23,Qatar Grand Prix,Qatar,Lusail,0.03377508097652249,-0.25031198321611614,-0.12445473664600898,1,1,14,7,8.0,1
11,PER,Red Bull Racing,Sergio,Perez,MEX,9.0,,,-0.2320310711546471,-0.2133606857680963,-0.19481700931653267,,2024,23,Qatar Grand Prix,Qatar,Lusail,0.05905707983341286,-0.2328530348506736,-0.1375892978848974,18,11,14,7,9.0,1
20,MAG,Haas F1 Team,Kevin,Magnussen,DEN,10.0,,,-0.21276522760915384,-0.2173616600541136,-0.18494828978003916,,2024,23,Qatar Grand Prix,Qatar,Lusail,0.05462981736077804,-0.2232086812776215,-0.12028113774766983,15,5,14,7,10.0,1
10,GAS,Alpine,Pierre,Gasly,FRA,11.0,,,-0.217046526174819,-0.2120972202040907,0.0,,2024,23,Qatar Grand Prix,Qatar,Lusail,0.06045516271950824,-0.16955235870897234,-0.29871040687774825,8,0,14,7,11.0,0
24,ZHO,Kick Sauber,Guanyu,Zhou,CHN,12.0,,,-0.19385615894413433,-0.20535873719606026,0.0,,2024,23,Qatar Grand Prix,Qatar,Lusail,0.06791160477868416,-0.15720148693953173,-0.26679465059633806,27,6,14,7,12.0,0
77,BOT,Kick Sauber,Valtteri,Bottas,FIN,13.0,,,-0.20955425368490496,-0.18114231388595467,0.0,,2024,23,Qatar Grand Prix,Qatar,Lusail,0.09470819342884342,-0.15514300831129166,-0.2883991625406765,5,6,14,7,13.0,0
22,TSU,RB,Yuki,Tsunoda,JPN,14.0,,,-0.17057659799332994,-0.17693076200593547,0.0,,2024,23,Qatar Grand Prix,Qatar,Lusail,0.09936846971582858,-0.13695978042850573,-0.23475614140615086,25,9,14,7,14.0,0
18,STR,Aston Martin,Lance,Stroll,CAN,15.0,,,-0.20206198119499216,-0.16219033042587047,0.0,,2024,23,Qatar Grand Prix,Qatar,Lusail,0.11567943672027414,-0.14507933501767448,-0.2780879182036065,24,1,14,7,15.0,0
23,ALB,Williams,Alexander,Albon,THA,16.0,,,-0.16825756127026173,1.4962437973119868e-15,0.0,,2024,23,Qatar Grand Prix,Qatar,Lusail,0.17148624525691256,-0.0719106003527466,-0.23156456577801018,0,12,14,7,16.0,0
30,LAW,RB,Liam,Lawson,NZL,17.0,,,-0.16638449314778322,1.4962437973119868e-15,0.0,,2024,23,Qatar Grand Prix,Qatar,Lusail,0.17393289030757947,-0.07111008088620986,-0.22898675469374224,12,9,14,7,17.0,0
27,HUL,Haas F1 Team,Nico,Hulkenberg,GER,18.0,,,-0.1636194878241253,1.4962437973119868e-15,0.0,,2024,23,Qatar Grand Prix,Qatar,Lusail,0.17754460442999145,-0.06992836167370148,-0.22518141452172882,11,5,14,7,18.0,0
43,COL,Williams,Franco,Colapinto,ARG,19.0,,,-0.15006204236618603,1.4962437973119868e-15,0.0,,2024,23,Qatar Grand Prix,Qatar,Lusail,0.19525365432053238,-0.06413412553495121,-0.20652297238798054,6,12,14,7,19.0,0
31,OCO,Alpine,Esteban,Ocon,FRA,20.0,,,-0.13935879595202308,1.4962437973119868e-15,0.0,,2024,23,Qatar Grand Prix,Qatar,Lusail,0.20923448318148619,-0.05955972858330763,-0.1917926233350209,17,0,14,7,20.0,0
4,NOR,McLaren,Lando,Norris,GBR,1.0,,,-0.05301927487777837,-0.037212528386320276,-0.04086498454723942,,2024,24,Abu Dhabi Grand Prix,United Arab Emirates,Yas Island,0.19537016122770756,-0.04797115805504125,-0.03484511324050742,16,7,18,25,1.0,1
81,PIA,McLaren,Oscar,Piastri,AUS,2.0,,,-0.05676541112273539,-0.026578359889273533,-0.01336415277221144,,2024,24,Abu Dhabi Grand Prix,United Arab Emirates,Yas Island,0.21972010482720156,-0.03775500486303574,-0.06565609334294742,19,7,18,25,2.0,1
55,SAI,Ferrari,Carlos,Sainz,ESP,3.0,,,-0.07041205030079313,-0.04911016244737263,-0.010732494229147125,,2024,24,Abu Dhabi Grand Prix,United Arab Emirates,Yas Island,0.2220502429706933,-0.050982636048208047,-0.08689234656096365,22,4,18,25,3.0,1
27,HUL,Haas F1 Team,Nico,Hulkenberg,GER,4.0,,,-0.049451526073058236,-0.043319278612346405,-0.0025743527456464402,,2024,24,Abu Dhabi Grand Prix,United Arab Emirates,Yas Island,0.2292736712155189,-0.037564404990050725,-0.06565609334294742,11,5,18,25,4.0,1
1,VER,Red Bull Racing,Max,Verstappen,NED,5.0,,,-0.06782543241736957,-0.04774140808636605,0.005189039956394504,,2024,24,Abu Dhabi Grand Prix,United Arab Emirates,Yas Island,0.23614757873882064,-0.04476908018888944,-0.09818561416823038,26,11,18,25,5.0,1
10,GAS,Alpine,Pierre,Gasly,FRA,6.0,,,-0.06497123337359322,-0.03847599395032589,0.010320774115371132,,2024,24,Abu Dhabi Grand Prix,United Arab Emirates,Yas Island,0.24069134811863063,-0.03870800422796081,-0.0990448845296536,8,0,18,25,6.0,1
63,RUS,Mercedes,George,Russell,GBR,7.0,,,-0.05337604975825089,-0.017734100941234242,0.029795047334052298,,2024,24,Abu Dhabi Grand Prix,United Arab Emirates,Yas Island,0.25793437038047423,-0.020601016294368252,-0.10125443688759929,21,8,18,25,7.0,1
14,ALO,Aston Martin,Fernando,Alonso,ESP,8.0,,,-0.04302957822456047,-0.019313432896241257,0.038216354671858854,,2024,24,Abu Dhabi Grand Prix,United Arab Emirates,Yas Island,0.26539081243964846,-0.014311220485856296,-0.0948712856313162,1,1,18,25,8.0,1
77,BOT,Kick Sauber,Valtteri,Bottas,FIN,9.0,,,-0.07094721262150128,-0.011627350715208111,0.03926901808908421,,2024,24,Abu Dhabi Grand Prix,United Arab Emirates,Yas Island,0.26632286769704483,-0.023155054592370036,-0.13427496934798147,5,6,18,25,9.0,1
11,PER,Red Bull Racing,Sergio,Perez,MEX,10.0,,,-0.06399010245229537,-0.00762637642918934,0.04716399371827902,,2024,24,Abu Dhabi Grand Prix,United Arab Emirates,Yas Island,0.27331328212752176,-0.016445939063291375,-0.13206541699003754,18,11,18,25,10.0,1
22,TSU,RB,Yuki,Tsunoda,JPN,11.0,,,-0.04829200771152349,-0.0034148245491716286,0.0,,2024,24,Abu Dhabi Grand Prix,United Arab Emirates,Yas Island,0.23155306933243747,-0.021875577120048475,-0.06646190347609397,25,9,18,25,11.0,0
30,LAW,RB,Liam,Lawson,NZL,12.0,,,-0.04847039515175912,0.0021654816918526623,0.0,,2024,24,Abu Dhabi Grand Prix,United Arab Emirates,Yas Island,0.23155306933243747,-0.019931458415600036,-0.06670740929364272,12,9,18,25,12.0,0
18,STR,Aston Martin,Lance,Stroll,CAN,13.0,,,-0.04882717003223164,0.03501558635599859,0.0,,2024,24,Abu Dhabi Grand Prix,United Arab Emirates,Yas Island,0.23155306933243747,-0.008190506239712788,-0.06719842092874195,24,1,18,25,13.0,0
16,LEC,Ferrari,Charles,Leclerc,MON,14.0,,,-0.08691288852262596,0.040174737409020514,0.0,,2024,24,Abu Dhabi Grand Prix,United Arab Emirates,Yas Island,0.23155306933243747,-0.02259985663739348,-0.11961391297552042,13,4,18,25,14.0,0
20,MAG,Haas F1 Team,Kevin,Magnussen,DEN,15.0,,,-0.05747896088367917,0.044807444477040596,0.0,,2024,24,Abu Dhabi Grand Prix,United Arab Emirates,Yas Island,0.23155306933243747,-0.008342986138099499,-0.07910545307988316,15,5,18,25,15.0,0
23,ALB,Williams,Alexander,Albon,THA,16.0,,,-0.04062134778137381,1.4962437973119868e-15,0.0,,2024,24,Abu Dhabi Grand Prix,United Arab Emirates,Yas Island,0.23155306933243747,-0.017360916704387237,-0.05590515332147348,0,12,18,25,16.0,0
24,ZHO,Kick Sauber,Guanyu,Zhou,CHN,17.0,,,-0.03535891829441079,1.4962437973119868e-15,0.0,,2024,24,Abu Dhabi Grand Prix,United Arab Emirates,Yas Island,0.23155306933243747,-0.015111838203162123,-0.048662731703768905,27,6,18,25,17.0,0
44,HAM,Mercedes,Lewis,Hamilton,GBR,18.0,,,-0.0347345622535842,1.4962437973119868e-15,0.0,,2024,24,Abu Dhabi Grand Prix,United Arab Emirates,Yas Island,0.23155306933243747,-0.014844998380982128,-0.04780346134234568,10,8,18,25,18.0,0
43,COL,Williams,Franco,Colapinto,ARG,19.0,,,-0.03250471925063316,1.4962437973119868e-15,0.0,,2024,24,Abu Dhabi Grand Prix,United Arab Emirates,Yas Island,0.23155306933243747,-0.013891999016055435,-0.0447346386229785,6,12,18,25,19.0,0
61,DOO,Alpine,Jack,Doohan,AUS,20.0,,,-0.015290331267855287,1.4962437973119868e-15,0.0,,2024,24,Abu Dhabi Grand Prix,United Arab Emirates,Yas Island,0.23155306933243747,-0.006534843918828378,-0.021043327229469583,7,0,18,25,20.0,0
4,NOR,McLaren,Lando,Norris,,1.0,,,-0.7460544801948018,-0.8461463557408824,-1.0276053552694,,2025,1,Australian Grand Prix,Australia,Melbourne,-0.6783151356746974,-0.922900815006244,-0.0681111515184401,16,7,0,10,1.0,1
81,PIA,McLaren,Oscar,Piastri,,2.0,,,-0.7326754221770994,-0.8405660494998581,-1.016552389388527,,2025,1,Australian Grand Prix,Australia,Melbourne,-0.6685285554720297,-0.9119603822968935,-0.060009459539314046,19,7,0,10,2.0,1
1,VER,Red Bull Racing,Max,Verstappen,,3.0,,,-0.736599945862292,-0.8303530361908138,-0.976945928315403,,2025,1,Australian Grand Prix,Australia,Melbourne,-0.6334599764124733,-0.8984659112895428,-0.10235921306656952,26,11,0,10,3.0,1
63,RUS,Mercedes,George,Russell,,4.0,,,-0.7407920507078388,-0.8058207464897053,-0.9683930380504406,,2025,1,Australian Grand Prix,Australia,Melbourne,-0.6258870274461222,-0.8888977976656873,-0.11610753884933243,21,8,0,10,4.0,1
22,TSU,Racing Bulls,Yuki,Tsunoda,,5.0,,,-0.7181368457978623,-0.7836048103226075,-0.9520767550834394,,2025,1,Australian Grand Prix,Australia,Melbourne,-0.6114401709564711,-0.8664451326280312,-0.10014966070862731,25,10,0,10,5.0,1
23,ALB,Williams,Alexander,Albon,,6.0,,,-0.7163529713955009,-0.7827624999466043,-0.943260698964173,,2025,1,Australian Grand Prix,Australia,Melbourne,-0.603634208175773,-0.8628237350413127,-0.10591904742103418,0,12,0,10,6.0,1
16,LEC,Ferrari,Charles,Leclerc,,7.0,,,-0.7356188149409942,-0.8027673713766922,-0.9408922062754146,,2025,1,Australian Grand Prix,Australia,Melbourne,-0.60153708384663,-0.8776142851849634,-0.13464322807430548,13,4,0,10,7.0,1
44,HAM,Ferrari,Lewis,Hamilton,,8.0,,,-0.7192071704392785,-0.7930808020526496,-0.9122071281560074,,2025,1,Australian Grand Prix,Australia,Melbourne,-0.5824299510699936,-0.8587830177340259,-0.1388168269726446,10,4,0,10,8.0,1
10,GAS,Alpine,Pierre,Gasly,,9.0,,,-0.7089498926257053,-0.7727600642315604,-0.911286047665934,,2025,1,Australian Grand Prix,Australia,Melbourne,-0.5753230297323415,-0.8467752257359603,-0.12555951282498096,8,0,0,10,9.0,1
55,SAI,Williams,Carlos,Sainz,,10.0,,,-0.7060956935819289,-0.791817336488644,-0.900496247639369,,2025,1,Australian Grand Prix,Australia,Melbourne,-0.5810318681838982,-0.849329264033962,-0.13169715826371356,22,12,0,10,10.0,1
6,HAD,Racing Bulls,Isack,Hadjar,,11.0,,,-0.7066308559026371,-0.7661268700205309,0.0,,2025,1,Australian Grand Prix,Australia,Melbourne,-0.5526041828332933,-0.5793802056017208,-0.972501123141852,9,10,0,10,11.0,0
14,ALO,Aston Martin,Fernando,Alonso,,12.0,,,-0.7125176414304267,-0.7368565844544014,0.0,,2025,1,Australian Grand Prix,Australia,Melbourne,-0.5394389023225623,-0.5712987709871503,-0.9806028151209798,1,1,0,10,12.0,0
18,STR,Aston Martin,Lance,Stroll,,13.0,,,-0.7052929501008668,-0.7336979205443874,0.0,,2025,1,Australian Grand Prix,Australia,Melbourne,-0.5300018428414185,-0.5670674538068784,-0.9706598295102321,24,1,0,10,13.0,0
7,DOO,Alpine,Jack,Doohan,,14.0,,,-0.71010941098724,-0.6936881776842116,0.0,,2025,1,Australian Grand Prix,Australia,Melbourne,-0.5362932158288477,-0.5546403420882445,-0.9772884865840639,7,0,0,10,14.0,0
5,BOR,Kick Sauber,Gabriel,Bortoleto,,15.0,,,-0.6921814732435171,-0.6245134380549073,0.0,,2025,1,Australian Grand Prix,Australia,Melbourne,-0.51287532748675,-0.5219334038839862,-0.9526151519203565,4,6,0,10,15.0,0
12,ANT,Mercedes,Andrea Kimi,Antonelli,,16.0,,,-0.691378729762455,1.4962437973119868e-15,0.0,,2025,1,Australian Grand Prix,Australia,Melbourne,-0.5118267653221785,-0.29548425136437084,-0.9515103757413845,2,8,0,10,16.0,0
27,HUL,Kick Sauber,Nico,Hulkenberg,,17.0,,,-0.6865622688760828,1.4962437973119868e-15,0.0,,2025,1,Australian Grand Prix,Australia,Melbourne,-0.505535392334751,-0.2934257727361324,-0.9448817186675544,11,6,0,10,17.0,0
30,LAW,Red Bull Racing,Liam,Lawson,,18.0,,,-0.6406275030153019,1.4962437973119868e-15,0.0,,2025,1,Australian Grand Prix,Australia,Melbourne,-0.4455343351398264,-0.2737939858186581,-0.881663970648605,12,11,0,10,18.0,0
31,OCO,Haas F1 Team,Esteban,Ocon,,19.0,,,-0.6359002358490459,1.4962437973119868e-15,0.0,,2025,1,Australian Grand Prix,Australia,Melbourne,-0.4393594690595707,-0.271773627165013,-0.8751580664835467,17,5,0,10,19.0,0
87,BEA,Haas F1 Team,Oliver,Bearman,,20.0,,,-1.2675189981055877e-15,1.4962437973119868e-15,0.0,,2025,1,Australian Grand Prix,Australia,Melbourne,0.23155306933243747,0.0,-4.633625592485486e-16,3,5,0,10,20.0,0
81,PIA,McLaren,Oscar,Piastri,,1.0,,,0.6524138575356496,0.8158373049114374,1.017851247327746,,2025,2,Chinese Grand Prix,China,Shanghai,1.132784736354626,0.8690810708258886,-0.0516622617426375,19,7,7,19,1.0,1
63,RUS,Mercedes,George,Russell,,2.0,,,0.6260125163807161,0.8271032061904869,1.0286410473543108,,2025,2,Chinese Grand Prix,China,Shanghai,1.1423383027429432,0.8650022335440051,-0.09806286125945687,21,8,7,19,2.0,1
4,NOR,McLaren,Lando,Norris,,3.0,,,0.5981840757038938,0.7723530317502462,1.0378518522550388,,2025,2,Chinese Grand Prix,China,Shanghai,1.149794744802119,0.835954812901062,-0.1449544724113772,16,7,7,19,3.0,1
1,VER,Red Bull Racing,Max,Verstappen,,4.0,,,0.6375185062759412,0.8097305546854098,1.041009842506715,,2025,2,Chinese Grand Prix,China,Shanghai,1.1532899520173558,0.8672131920706319,-0.09376650945234248,26,11,7,19,4.0,1
44,HAM,Ferrari,Lewis,Hamilton,,5.0,,,0.661244035827334,0.8475292328085772,1.0554839644935732,,2025,2,Chinese Grand Prix,China,Shanghai,1.1661057118065647,0.8952313733994548,-0.07461705568349844,10,4,7,19,5.0,1
16,LEC,Ferrari,Charles,Leclerc,,6.0,,,0.6513435328942333,0.8421595041615533,1.0678527596459773,,2025,2,Chinese Grand Prix,China,Shanghai,1.1770573610809774,0.8926392151268581,-0.09978140198230333,13,4,7,19,6.0,1
6,HAD,Racing Bulls,Isack,Hadjar,,7.0,,,0.6141497516050196,0.8214176111524616,1.0754845694208643,,2025,2,Chinese Grand Prix,China,Shanghai,1.183814761697104,0.8714445092509053,-0.15808903365026392,9,10,7,19,7.0,1
12,ANT,Mercedes,Andrea Kimi,Antonelli,,8.0,,,0.6599953237456821,0.8568999357416183,1.0786425596725422,,2025,2,Chinese Grand Prix,China,Shanghai,1.1866109274692946,0.9047994870233136,-0.09794010835068162,2,8,7,19,8.0,1
22,TSU,Racing Bulls,Yuki,Tsunoda,,9.0,,,0.6209284743339887,0.8221546327314654,1.149039425699528,,2025,2,Chinese Grand Prix,China,Shanghai,1.2023393599378678,0.8959175329422016,-0.21737868858842646,25,10,7,19,9.0,1
23,ALB,Williams,Alexander,Albon,,10.0,,,0.6445648101652643,0.8574263797266201,1.1579870647459483,,2025,2,Chinese Grand Prix,China,Shanghai,1.2332136903391397,0.9213816759730244,-0.19319636555981828,0,12,7,19,10.0,1
31,OCO,Haas F1 Team,Esteban,Ocon,,11.0,,,0.6778340677692866,0.8605850436366341,0.0,,2025,2,Chinese Grand Prix,China,Shanghai,0.23155306933243747,0.6012716476177236,0.9328695268584056,17,5,7,19,11.0,0
27,HUL,Kick Sauber,Nico,Hulkenberg,,12.0,,,0.6818477851745977,0.8613220652156379,0.0,,2025,2,Chinese Grand Prix,China,Shanghai,0.23155306933243747,0.6032538862967671,0.9383934077532655,11,6,7,19,12.0,0
14,ALO,Aston Martin,Fernando,Alonso,,13.0,,,0.6638306537107563,0.8672182378476636,0.0,,2025,2,Chinese Grand Prix,China,Shanghai,0.23155306933243747,0.5976883700056002,0.9135973201807829,1,1,7,19,13.0,0
18,STR,Aston Martin,Lance,Stroll,,14.0,,,0.6820261726148333,0.8761677855927024,0.0,,2025,2,Chinese Grand Prix,China,Shanghai,0.23155306933243747,0.6087050426641424,0.9386389135708142,24,1,7,19,14.0,0
55,SAI,Williams,Carlos,Sainz,,15.0,,,0.655714025180017,0.8832221349917342,0.0,,2025,2,Chinese Grand Prix,China,Shanghai,0.23155306933243747,0.6000136884560202,0.9024268054822896,22,12,7,19,15.0,0
10,GAS,Alpine,Pierre,Gasly,,16.0,,,0.688180539302977,1.4962437973119868e-15,0.0,,2025,2,Chinese Grand Prix,China,Shanghai,0.23155306933243747,0.29411739572800627,0.9471088642762661,8,0,7,19,16.0,0
87,BEA,Haas F1 Team,Oliver,Bearman,,17.0,,,0.6904995760260452,1.4962437973119868e-15,0.0,,2025,2,Chinese Grand Prix,China,Shanghai,0.23155306933243747,0.29510851506752966,0.9503004399044067,3,5,7,19,17.0,0
7,DOO,Alpine,Jack,Doohan,,18.0,,,0.6970999113147787,1.4962437973119868e-15,0.0,,2025,2,Chinese Grand Prix,China,Shanghai,0.23155306933243747,0.29792939318770983,0.9593841551537312,7,0,7,19,18.0,0
5,BOR,Kick Sauber,Gabriel,Bortoleto,,19.0,,,0.7014704036005622,1.4962437973119868e-15,0.0,,2025,2,Chinese Grand Prix,China,Shanghai,0.23155306933243747,0.2997972719429649,0.9653990476836903,4,6,7,19,19.0,0
30,LAW,Red Bull Racing,Liam,Lawson,,20.0,,,0.704413796364457,1.4962437973119868e-15,0.0,,2025,2,Chinese Grand Prix,China,Shanghai,0.23155306933243747,0.30105523110466664,0.9694498936732542,12,11,7,19,20.0,0
1,VER,Red Bull Racing,Max,Verstappen,,1.0,,,0.32703516654510906,0.42647933360372164,0.5365208998011868,,2025,3,Japanese Grand Prix,Japan,Suzuka,0.7066024699098998,0.44960887036008806,-0.050434732654890284,26,11,10,23,1.0,1
4,NOR,McLaren,Lando,Norris,,2.0,,,0.3182941819735431,0.38899652187155714,0.5380998949270258,,2025,3,Japanese Grand Prix,Japan,Suzuka,0.7080005527959953,0.43275984158819725,-0.0639375526201027,16,7,10,23,2.0,1
81,PIA,McLaren,Oscar,Piastri,,3.0,,,0.30420157419489563,0.427005777588725,0.5423105485959291,,2025,3,Japanese Grand Prix,Japan,Suzuka,0.7117287738255823,0.44171803561850104,-0.08726060528728763,19,7,10,23,3.0,1
16,LEC,Ferrari,Charles,Leclerc,,4.0,,,0.3249837109823949,0.43205963984474743,0.5781011047816116,,2025,3,Japanese Grand Prix,Japan,Suzuka,0.7434186525770771,0.46279838157066366,-0.09204796872949951,13,4,10,23,4.0,1
63,RUS,Mercedes,George,Russell,,5.0,,,0.31811579453330746,0.41573987630967546,0.5806011803975221,,2025,3,Japanese Grand Prix,Japan,Suzuka,0.7456322838133936,0.4546788269814933,-0.10383224797186548,21,8,10,23,5.0,1
12,ANT,Mercedes,Kimi,Antonelli,,6.0,,,0.3292650095480601,0.44090389879278524,0.6117863341328416,,2025,3,Japanese Grand Prix,Japan,Suzuka,0.7732444208137774,0.4775889317143144,-0.1175805737546284,2,8,10,23,6.0,1
6,HAD,Racing Bulls,Isack,Hadjar,,7.0,,,0.35691506278464685,0.45522317518484934,0.6136284951129863,,2025,3,Japanese Grand Prix,Japan,Suzuka,0.7748755175142216,0.4951241200289519,-0.08124571275732853,9,10,10,23,7.0,1
44,HAM,Ferrari,Lewis,Hamilton,,8.0,,,0.3269459728249906,0.4378505236797722,0.6190233951262689,,2025,3,Japanese Grand Prix,Japan,Suzuka,0.7796523007083802,0.47758893171431277,-0.12752355936537615,10,4,10,23,8.0,1
23,ALB,Williams,Alexander,Albon,,9.0,,,0.35156343957756536,0.4560654855608526,0.6196813097620345,,2025,3,Japanese Grand Prix,Japan,Suzuka,0.7802348352442527,0.4948954001813686,-0.09425752108744172,0,12,10,23,9.0,1
87,BEA,Haas F1 Team,Oliver,Bearman,,10.0,,,0.3524553767787448,0.4484846921768189,0.6528402074046527,,2025,3,Japanese Grand Prix,Japan,Suzuka,0.7914194983330157,0.5021381953548056,-0.12396372501091148,3,5,10,23,10.0,1
10,GAS,Alpine,Pierre,Gasly,,11.0,,,0.348709240533789,0.46017174864387084,0.0,,2025,3,Japanese Grand Prix,Japan,Suzuka,0.23155306933243747,0.3156386779621197,0.4799112934799142,8,0,10,23,11.0,0
55,SAI,Williams,Carlos,Sainz,,12.0,,,0.3507606960965032,0.46164579180187687,0.0,,2025,3,Japanese Grand Prix,Japan,Suzuka,0.23155306933243747,0.3170491170222114,0.4827346103817309,22,12,10,23,12.0,0
14,ALO,Aston Martin,Fernando,Alonso,,13.0,,,0.36217749227160984,0.4680684084189059,0.0,,2025,3,Japanese Grand Prix,Japan,Suzuka,0.23155306933243747,0.3242537922210501,0.49844698270488724,1,1,10,23,13.0,0
30,LAW,Racing Bulls,Liam,Lawson,,14.0,,,0.38153252953722033,0.46901600759191014,0.0,,2025,3,Japanese Grand Prix,Japan,Suzuka,0.23155306933243747,0.3328689064799806,0.525084363908988,12,10,10,23,14.0,0
22,TSU,Red Bull Racing,Yuki,Tsunoda,,15.0,,,0.32917581582794164,0.4789131545099531,0.0,,2025,3,Japanese Grand Prix,Japan,Suzuka,0.23155306933243747,0.3140757590036413,0.45302840645826287,25,11,10,23,15.0,0
27,HUL,Kick Sauber,Nico,Hulkenberg,,16.0,,,0.38295962905910785,1.4962437973119868e-15,0.0,,2025,3,Japanese Grand Prix,Japan,Suzuka,0.23155306933243747,0.1636708426569433,0.5270484104493816,11,6,10,23,16.0,0
5,BOR,Kick Sauber,Gabriel,Bortoleto,,17.0,,,0.38759770250524556,1.4962437973119868e-15,0.0,,2025,3,Japanese Grand Prix,Japan,Suzuka,0.23155306933243747,0.16565308133599002,0.5334315617056646,4,6,10,23,17.0,0
31,OCO,Haas F1 Team,Esteban,Ocon,,18.0,,,0.39419803779397894,1.4962437973119868e-15,0.0,,2025,3,Japanese Grand Prix,Japan,Suzuka,0.23155306933243747,0.16847395945617016,0.5425152769549891,17,5,10,23,18.0,0
7,DOO,Alpine,Jack,Doohan,,19.0,,,0.41034210113534053,1.4962437973119868e-15,0.0,,2025,3,Japanese Grand Prix,Japan,Suzuka,0.23155306933243747,0.17537367485823385,0.5647335534432021,7,0,10,23,19.0,0
18,STR,Aston Martin,Lance,Stroll,,20.0,,,0.4454844268618413,1.4962437973119868e-15,0.0,,2025,3,Japanese Grand Prix,Japan,Suzuka,0.23155306933243747,0.19039294484946626,0.6130981995004184,24,1,10,23,20.0,0
81,PIA,McLaren,Oscar,Piastri,,1.0,,,0.6346643072321636,0.7372918623490904,0.9125849056051508,,2025,4,Bahrain Grand Prix,Bahrain,Sakhir,1.039579210614936,0.8025617151540586,0.022112236430934188,19,7,3,18,1.0,1
63,RUS,Mercedes,George,Russell,,2.0,,,0.6437620666842021,0.7594025097191887,0.9346908373668963,,2025,4,Bahrain Grand Prix,Bahrain,Sakhir,1.0591523710202713,0.8208593029606361,0.014010544451806387,21,8,3,18,2.0,1
16,LEC,Ferrari,Charles,Leclerc,,3.0,,,0.6401943178794807,0.7657198375392167,0.9565336032743341,,2025,4,Bahrain Grand Prix,Bahrain,Sakhir,1.0784925176112563,0.8279496182356849,-0.011276554755773743,13,4,3,18,3.0,1
12,ANT,Mercedes,Kimi,Antonelli,,4.0,,,0.636715762794879,0.764877527163212,0.9615337545061569,,2025,4,Bahrain Grand Prix,Bahrain,Sakhir,1.0829197800838912,0.8276065384643115,-0.020728528731420517,2,8,3,18,4.0,1
10,GAS,Alpine,Pierre,Gasly,,5.0,,,0.6409078676404257,0.7571914449821788,0.9619285032876166,,2025,4,Bahrain Grand Prix,Bahrain,Sakhir,1.083269300805415,0.8267297790485798,-0.015327400745335899,8,0,3,18,5.0,1
4,NOR,McLaren,Lando,Norris,,6.0,,,0.6092440969985279,0.7484524748311405,0.9686392325724321,,2025,4,Bahrain Grand Prix,Bahrain,Sakhir,1.0892111530713204,0.8119773488795241,-0.06516508170784818,16,7,3,18,6.0,1
1,VER,Red Bull Racing,Max,Verstappen,,7.0,,,0.6267260661416598,0.7967800326543537,0.9891661692083387,,2025,4,Bahrain Grand Prix,Bahrain,Sakhir,1.1073862305905604,0.8428926482777239,-0.0602549653568628,26,11,3,18,7.0,1
55,SAI,Williams,Carlos,Sainz,,8.0,,,0.6524138575356496,0.7783544931792713,1.0229829814867226,,2025,4,Bahrain Grand Prix,Bahrain,Sakhir,1.1373285057344358,0.856997038878628,-0.05644962518484938,22,12,3,18,8.0,1
44,HAM,Ferrari,Lewis,Hamilton,,9.0,,,0.6192337936517458,0.7957271446843485,1.0350886107848205,,2025,4,Bahrain Grand Prix,Bahrain,Sakhir,1.1480471411945,0.8526132417999678,-0.11340697485629099,10,4,3,18,9.0,1
22,TSU,Red Bull Racing,Yuki,Tsunoda,,10.0,,,0.6666848527545339,0.8187853912274494,1.104959145103191,,2025,4,Bahrain Grand Prix,Bahrain,Sakhir,1.2011742908661212,0.9014830492333685,-0.113284221947514,25,11,3,18,10.0,1
7,DOO,Alpine,Jack,Doohan,,11.0,,,0.6366265690747606,0.8205753007764583,0.0,,2025,4,Bahrain Grand Prix,Bahrain,Sakhir,0.23155306933243747,0.5691746290070154,0.8761576830045127,7,0,3,18,11.0,0
6,HAD,Racing Bulls,Isack,Hadjar,,12.0,,,0.6524138575356496,0.8233128094984701,0.0,,2025,4,Bahrain Grand Prix,Bahrain,Sakhir,0.23155306933243747,0.5769129838502157,0.8978849478576265,9,10,3,18,12.0,0
14,ALO,Aston Martin,Fernando,Alonso,,13.0,,,0.6562491875007251,0.8880654196537547,0.0,,2025,4,Bahrain Grand Prix,Bahrain,Sakhir,0.23155306933243747,0.6019959271350653,0.9031633229349376,1,1,3,18,13.0,0
31,OCO,Haas F1 Team,Esteban,Ocon,,14.0,,,0.6526814386960037,1.4962437973119868e-15,0.0,,2025,4,Bahrain Grand Prix,Bahrain,Sakhir,0.23155306933243747,0.27894564583838394,0.8982532065839505,17,5,3,18,14.0,0
23,ALB,Williams,Alexander,Albon,,15.0,,,0.6924618378686422,1.4962437973119868e-15,0.0,,2025,4,Bahrain Grand Prix,Bahrain,Sakhir,0.23155306933243747,0.2959471545086631,0.9530010038974499,0,12,3,18,15.0,0
27,HUL,Kick Sauber,Nico,Hulkenberg,,16.0,,,0.6948700683118276,1.4962437973119868e-15,0.0,,2025,4,Bahrain Grand Prix,Bahrain,Sakhir,0.23155306933243747,0.2969763938227831,0.9563153324343641,11,6,3,18,16.0,0
30,LAW,Racing Bulls,Liam,Lawson,,17.0,,,0.7036110528833949,1.4962437973119868e-15,0.0,,2025,4,Bahrain Grand Prix,Bahrain,Sakhir,0.23155306933243747,0.3007121513332933,0.9683451174942822,12,10,3,18,17.0,0
5,BOR,Kick Sauber,Gabriel,Bortoleto,,18.0,,,0.7054841210058733,1.4962437973119868e-15,0.0,,2025,4,Bahrain Grand Prix,Bahrain,Sakhir,0.23155306933243747,0.30151267079983163,0.9709229285785502,4,6,3,18,18.0,0
18,STR,Aston Martin,Lance,Stroll,,19.0,,,0.7141359118573208,1.4962437973119868e-15,0.0,,2025,4,Bahrain Grand Prix,Bahrain,Sakhir,0.23155306933243747,0.30521030833574353,0.9828299607296914,24,1,3,18,19.0,0
87,BEA,Haas F1 Team,Oliver,Bearman,,20.0,,,0.722163346667943,1.4962437973119868e-15,0.0,,2025,4,Bahrain Grand Prix,Bahrain,Sakhir,0.23155306933243747,0.30864110604947864,0.9938777225194111,3,5,3,18,20.0,0
1,VER,Red Bull Racing,Max,Verstappen,,1.0,,,0.3123182027256363,0.42932213112273426,0.5774431901458441,,2025,5,Saudi Arabian Grand Prix,Saudi Arabia,Jeddah,0.742836118041203,0.45620362596537506,-0.1088651172316261,26,11,15,5,1.0,1
81,PIA,McLaren,Oscar,Piastri,,2.0,,,0.32328903030015205,0.43100675187474224,0.5787590194173772,,2025,5,Saudi Arabian Grand Prix,Saudi Arabia,Jeddah,0.7440011871129496,0.4618835021803337,-0.09499403854009145,19,7,15,5,2.0,1
63,RUS,Mercedes,George,Russell,,3.0,,,0.3572718376651181,0.43669234691276754,0.5923120609141603,,2025,5,Saudi Arabian Grand Prix,Saudi Arabia,Jeddah,0.7560013985519339,0.4823920485135413,-0.06086872990073553,21,8,15,5,3.0,1
16,LEC,Ferrari,Charles,Leclerc,,4.0,,,0.3813541420969847,0.4648044557118909,0.6269183707554636,,2025,5,Saudi Arabian Grand Prix,Saudi Arabia,Jeddah,0.7866427151388571,0.5128880281911711,-0.060009459539312304,13,4,15,5,4.0,1
12,ANT,Mercedes,Kimi,Antonelli,,5.0,,,0.3435360047669432,0.4576448175158596,0.6527086244774988,,2025,5,Saudi Arabian Grand Prix,Saudi Arabia,Jeddah,0.8015555992572073,0.5016045157104456,-0.13611626297960144,2,8,15,5,5.0,1
55,SAI,Williams,Carlos,Sainz,,6.0,,,0.36369378551361586,0.4814400856379643,0.6919203367691652,,2025,5,Saudi Arabian Grand Prix,Saudi Arabia,Jeddah,0.8278861602786692,0.5301944966582237,-0.1449544724113772,22,12,15,5,6.0,1
44,HAM,Ferrari,Lewis,Hamilton,,7.0,,,0.3652992724757403,0.48965261180400077,0.6967889050738341,,2025,5,Saudi Arabian Grand Prix,Saudi Arabia,Jeddah,0.8369736990382892,0.535264453279629,-0.14728677767809467,10,4,15,5,7.0,1
22,TSU,Red Bull Racing,Yuki,Tsunoda,,8.0,,,0.35227698933850915,0.4778602665399479,0.6971836538552938,,2025,5,Saudi Arabian Grand Prix,Saudi Arabia,Jeddah,0.8239249254347317,0.5255438597573868,-0.16557696108551898,25,11,15,5,8.0,1
10,GAS,Alpine,Pierre,Gasly,,9.0,,,0.3696697647615239,0.48154537443496526,0.7186316709812737,,2025,5,Saudi Arabian Grand Prix,Saudi Arabia,Jeddah,0.8280026671858444,0.5405250097740242,-0.16164886800473033,8,0,15,5,9.0,1
4,NOR,McLaren,Lando,Norris,,10.0,,,0.314726433168823,0.4242682688667118,0.0,,2025,5,Saudi Arabian Grand Prix,Saudi Arabia,Jeddah,0.23155306933243747,0.28811605630306,0.4331424352367691,16,7,15,5,10.0,0
23,ALB,Williams,Alexander,Albon,,11.0,,,0.35700425650476403,0.49038963338300307,0.0,,2025,5,Saudi Arabian Grand Prix,Saudi Arabia,Jeddah,0.23155306933243747,0.3301242683089938,0.49132731399595614,0,12,15,5,11.0,0
30,LAW,Racing Bulls,Liam,Lawson,,12.0,,,0.38215688557804695,0.4990233147370419,0.0,,2025,5,Saudi Arabian Grand Prix,Saudi Arabia,Jeddah,0.23155306933243747,0.3439999390623161,0.5259436342704114,12,10,15,5,12.0,0
14,ALO,Aston Martin,Fernando,Alonso,,13.0,,,0.3809973672165122,0.5108156600010934,0.0,,2025,5,Saudi Arabian Grand Prix,Saudi Arabia,Jeddah,0.23155306933243747,0.34777381654742295,0.5243478464563401,1,1,15,5,13.0,0
6,HAD,Racing Bulls,Isack,Hadjar,,14.0,,,0.3830488227792263,0.5229238716561476,0.0,,2025,5,Saudi Arabian Grand Prix,Saudi Arabia,Jeddah,0.23155306933243747,0.35303437304181323,0.5271711633581568,9,10,15,5,14.0,0
87,BEA,Haas F1 Team,Oliver,Bearman,,15.0,,,0.3799270425750959,0.5471402949662532,0.0,,2025,5,Saudi Arabian Grand Prix,Saudi Arabia,Jeddah,0.23155306933243747,0.3604677680882369,0.5228748115510441,3,5,15,5,15.0,0
18,STR,Aston Martin,Lance,Stroll,,16.0,,,0.3896491580679597,1.4962437973119868e-15,0.0,,2025,5,Saudi Arabian Grand Prix,Saudi Arabia,Jeddah,0.23155306933243747,0.16652984075172172,0.5362548786074813,24,1,15,5,16.0,0
7,DOO,Alpine,Jack,Doohan,,17.0,,,0.3980333677590544,1.4962437973119868e-15,0.0,,2025,5,Saudi Arabian Grand Prix,Saudi Arabia,Jeddah,0.23155306933243747,0.17011311836384357,0.5477936520323002,7,0,15,5,17.0,0
27,HUL,Kick Sauber,Nico,Hulkenberg,,18.0,,,0.40186869772412864,1.4962437973119868e-15,0.0,,2025,5,Saudi Arabian Grand Prix,Saudi Arabia,Jeddah,0.23155306933243747,0.17175227727151696,0.5530720271096097,11,6,15,5,18.0,0
31,OCO,Haas F1 Team,Esteban,Ocon,,19.0,,,0.42951875096071535,1.4962437973119868e-15,0.0,,2025,5,Saudi Arabian Grand Prix,Saudi Arabia,Jeddah,0.23155306933243747,0.18356946939659757,0.5911254288297543,17,5,15,5,19.0,0
5,BOR,Kick Sauber,Gabriel,Bortoleto,,20.0,,,0.4625204274043836,1.4962437973119868e-15,0.0,,2025,5,Saudi Arabian Grand Prix,Saudi Arabia,Jeddah,0.23155306933243747,0.1976738599975016,0.6365440050763786,4,6,15,5,20.0,0
1,VER,Red Bull Racing,Max,Verstappen,,1.0,,,-1.2675189981055877e-15,1.4962437973119868e-15,0.0,,2025,6,Miami Grand Prix,United States,Miami Gardens,0.23155306933243747,0.0,-4.633625592485486e-16,26,11,20,13,1.0,0
4,NOR,McLaren,Lando,Norris,,2.0,,,-1.2675189981055877e-15,1.4962437973119868e-15,0.0,,2025,6,Miami Grand Prix,United States,Miami Gardens,0.23155306933243747,0.0,-4.633625592485486e-16,16,7,20,13,2.0,0
12,ANT,Mercedes,Kimi,Antonelli,,3.0,,,-1.2675189981055877e-15,1.4962437973119868e-15,0.0,,2025,6,Miami Grand Prix,United States,Miami Gardens,0.23155306933243747,0.0,-4.633625592485486e-16,2,8,20,13,3.0,0
81,PIA,McLaren,Oscar,Piastri,,4.0,,,-1.2675189981055877e-15,1.4962437973119868e-15,0.0,,2025,6,Miami Grand Prix,United States,Miami Gardens,0.23155306933243747,0.0,-4.633625592485486e-16,19,7,20,13,4.0,0
63,RUS,Mercedes,George,Russell,,5.0,,,-1.2675189981055877e-15,1.4962437973119868e-15,0.0,,2025,6,Miami Grand Prix,United States,Miami Gardens,0.23155306933243747,0.0,-4.633625592485486e-16,21,8,20,13,5.0,0
55,SAI,Williams,Carlos,Sainz,,6.0,,,-1.2675189981055877e-15,1.4962437973119868e-15,0.0,,2025,6,Miami Grand Prix,United States,Miami Gardens,0.23155306933243747,0.0,-4.633625592485486e-16,22,12,20,13,6.0,0
23,ALB,Williams,Alexander,Albon,,7.0,,,-1.2675189981055877e-15,1.4962437973119868e-15,0.0,,2025,6,Miami Grand Prix,United States,Miami Gardens,0.23155306933243747,0.0,-4.633625592485486e-16,0,12,20,13,7.0,0
16,LEC,Ferrari,Charles,Leclerc,,8.0,,,-1.2675189981055877e-15,1.4962437973119868e-15,0.0,,2025,6,Miami Grand Prix,United States,Miami Gardens,0.23155306933243747,0.0,-4.633625592485486e-16,13,4,20,13,8.0,0
31,OCO,Haas F1 Team,Esteban,Ocon,,9.0,,,-1.2675189981055877e-15,1.4962437973119868e-15,0.0,,2025,6,Miami Grand Prix,United States,Miami Gardens,0.23155306933243747,0.0,-4.633625592485486e-16,17,5,20,13,9.0,0
22,TSU,Red Bull Racing,Yuki,Tsunoda,,10.0,,,-1.2675189981055877e-15,1.4962437973119868e-15,0.0,,2025,6,Miami Grand Prix,United States,Miami Gardens,0.23155306933243747,0.0,-4.633625592485486e-16,25,11,20,13,10.0,0
6,HAD,Racing Bulls,Isack,Hadjar,,11.0,,,-1.2675189981055877e-15,1.4962437973119868e-15,0.0,,2025,6,Miami Grand Prix,United States,Miami Gardens,0.23155306933243747,0.0,-4.633625592485486e-16,9,10,20,13,11.0,0
44,HAM,Ferrari,Lewis,Hamilton,,12.0,,,-1.2675189981055877e-15,1.4962437973119868e-15,0.0,,2025,6,Miami Grand Prix,United States,Miami Gardens,0.23155306933243747,0.0,-4.633625592485486e-16,10,4,20,13,12.0,0
5,BOR,Kick Sauber,Gabriel,Bortoleto,,13.0,,,-1.2675189981055877e-15,1.4962437973119868e-15,0.0,,2025,6,Miami Grand Prix,United States,Miami Gardens,0.23155306933243747,0.0,-4.633625592485486e-16,4,6,20,13,13.0,0
7,DOO,Alpine,Jack,Doohan,,14.0,,,-1.2675189981055877e-15,1.4962437973119868e-15,0.0,,2025,6,Miami Grand Prix,United States,Miami Gardens,0.23155306933243747,0.0,-4.633625592485486e-16,7,0,20,13,14.0,0
30,LAW,Racing Bulls,Liam,Lawson,,15.0,,,-1.2675189981055877e-15,1.4962437973119868e-15,0.0,,2025,6,Miami Grand Prix,United States,Miami Gardens,0.23155306933243747,0.0,-4.633625592485486e-16,12,10,20,13,15.0,0
27,HUL,Kick Sauber,Nico,Hulkenberg,,16.0,,,-1.2675189981055877e-15,1.4962437973119868e-15,0.0,,2025,6,Miami Grand Prix,United States,Miami Gardens,0.23155306933243747,0.0,-4.633625592485486e-16,11,6,20,13,16.0,0
14,ALO,Aston Martin,Fernando,Alonso,,17.0,,,-1.2675189981055877e-15,1.4962437973119868e-15,0.0,,2025,6,Miami Grand Prix,United States,Miami Gardens,0.23155306933243747,0.0,-4.633625592485486e-16,1,1,20,13,17.0,0
10,GAS,Alpine,Pierre,Gasly,,18.0,,,-1.2675189981055877e-15,1.4962437973119868e-15,0.0,,2025,6,Miami Grand Prix,United States,Miami Gardens,0.23155306933243747,0.0,-4.633625592485486e-16,8,0,20,13,18.0,0
18,STR,Aston Martin,Lance,Stroll,,19.0,,,-1.2675189981055877e-15,1.4962437973119868e-15,0.0,,2025,6,Miami Grand Prix,United States,Miami Gardens,0.23155306933243747,0.0,-4.633625592485486e-16,24,1,20,13,19.0,0
87,BEA,Haas F1 Team,Oliver,Bearman,,20.0,,,-1.2675189981055877e-15,1.4962437973119868e-15,0.0,,2025,6,Miami Grand Prix,United States,Miami Gardens,0.23155306933243747,0.0,-4.633625592485486e-16,3,5,20,13,20.0,0
81,PIA,McLaren,Oscar,Piastri,,1.0,,,-0.7828022928834271,-0.8673094039379764,-1.0836596822366813,,2025,7,Emilia Romagna Grand Prix,Italy,Imola,-0.7279470781310817,-0.962507468612566,-0.0663926107955954,19,7,9,4,1.0,1
1,VER,Red Bull Racing,Max,Verstappen,,2.0,,,-0.8117902519217841,-0.8483574204778922,-1.079185862713472,,2025,7,Emilia Romagna Grand Prix,Italy,Imola,-0.723985843287146,-0.9667387857928361,-0.11046090504569732,26,11,9,4,2.0,1
63,RUS,Mercedes,George,Russell,,3.0,,,-0.7514061034018833,-0.8546747482979203,-1.065632821216687,,2025,7,Emilia Romagna Grand Prix,Italy,Imola,-0.7119856318481601,-0.9392924040829698,-0.040000735409043295,21,8,9,4,3.0,1
4,NOR,McLaren,Lando,Norris,,4.0,,,-0.7476599671569263,-0.862360830478955,-1.0452374675079343,,2025,7,Emilia Romagna Grand Prix,Italy,Imola,-0.6939270612360953,-0.9345655272329363,-0.0538718141005797,16,7,9,4,4.0,1
14,ALO,Aston Martin,Fernando,Alonso,,5.0,,,-0.7654095174604135,-0.8433035582218713,-0.9835250746730647,,2025,7,Emilia Romagna Grand Prix,Italy,Imola,-0.6392853217712036,-0.9173734186896737,-0.13587075716205269,1,1,9,4,5.0,1
55,SAI,Williams,Carlos,Sainz,,6.0,,,-0.7393649511859512,-0.8689940246899844,-0.9833934917459108,,2025,7,Emilia Romagna Grand Prix,Italy,Imola,-0.6664314311428883,-0.9155055399344186,-0.10014966070862731,22,12,9,4,6.0,1
23,ALB,Williams,Alexander,Albon,,7.0,,,-0.7272346052498995,-0.8349857432588338,-0.9779985917326284,,2025,7,Emilia Romagna Grand Prix,Italy,Imola,-0.6343920316698697,-0.8964455526358994,-0.08848813437503311,0,12,9,4,7.0,1
18,STR,Aston Martin,Lance,Stroll,,8.0,,,-0.754527883606015,-0.8375126743868451,-0.9637876356000776,,2025,7,Emilia Romagna Grand Prix,Italy,Imola,-0.6315958658976789,-0.9049081869964432,-0.13930783860774384,24,1,9,4,8.0,1
6,HAD,Racing Bulls,Isack,Hadjar,,9.0,,,-0.7156394216345572,-0.8361439200258385,-0.9420764526197938,,2025,7,Emilia Romagna Grand Prix,Italy,Imola,-0.6300812761044084,-0.8815025225938603,-0.10604180032980942,9,10,9,4,9.0,1
10,GAS,Alpine,Pierre,Gasly,,10.0,,,-0.743824637191852,-0.8366703640108418,-0.9366815526065094,,2025,7,Emilia Romagna Grand Prix,Italy,Imola,-0.6306638106402825,-0.8921761154810308,-0.14986458876236436,8,0,9,4,10.0,1
16,LEC,Ferrari,Charles,Leclerc,,11.0,,,-0.7285725110516699,-0.8262467731077955,0.0,,2025,7,Emilia Romagna Grand Prix,Italy,Imola,-0.6191296268299957,-0.6105242248475006,-1.0026983387004176,13,4,9,4,11.0,0
44,HAM,Ferrari,Lewis,Hamilton,,12.0,,,-0.7236668564451794,-0.8092952767907207,0.0,,2025,7,Emilia Romagna Grand Prix,Italy,Imola,-0.6003720147748832,-0.6022903103345402,-0.9959469287178122,10,4,9,4,12.0,0
12,ANT,Mercedes,Kimi,Antonelli,,13.0,,,-0.7432894748711439,-0.808558255211717,0.0,,2025,7,Emilia Romagna Grand Prix,Italy,Imola,-0.5995564664246603,-0.6104098649237089,-1.022952568648237,2,8,9,4,13.0,0
5,BOR,Kick Sauber,Gabriel,Bortoleto,,14.0,,,-0.707879567984289,-0.7571773222754907,0.0,,2025,7,Emilia Romagna Grand Prix,Italy,Imola,-0.5427010957234504,-0.5766736874053306,-0.9742196638646967,4,6,9,4,14.0,0
43,COL,Alpine,Franco,Colapinto,,15.0,,,-0.7153718404742031,1.4962437973119868e-15,0.0,,2025,7,Emilia Romagna Grand Prix,Italy,Imola,-0.5431671233521495,-0.30573852453097466,-0.9845309082017685,6,0,9,4,15.0,0
30,LAW,Racing Bulls,Liam,Lawson,,16.0,,,-0.704401012899686,1.4962437973119868e-15,0.0,,2025,7,Emilia Romagna Grand Prix,Italy,Imola,-0.5288367737696718,-0.3010497676555394,-0.9694323004224848,12,10,9,4,16.0,0
87,BEA,Haas F1 Team,Oliver,Bearman,,16.0,,,-0.6563255977560726,1.4962437973119868e-15,0.0,,2025,7,Emilia Romagna Grand Prix,Italy,Imola,-0.46603955080255643,-0.28050310134773515,-0.9032684825929435,3,5,9,4,16.0,0
27,HUL,Kick Sauber,Nico,Hulkenberg,,17.0,,,-0.6920030858032815,1.4962437973119868e-15,0.0,,2025,7,Emilia Romagna Grand Prix,Italy,Imola,-0.5126423136724013,-0.29575109118655085,-0.9523696461028077,11,6,9,4,17.0,0
31,OCO,Haas F1 Team,Esteban,Ocon,,18.0,,,-0.6835296823920696,1.4962437973119868e-15,0.0,,2025,7,Emilia Romagna Grand Prix,Italy,Imola,-0.5015741574908135,-0.2921296935998323,-0.9407081197692153,17,5,9,4,18.0,0
22,TSU,Red Bull Racing,Yuki,Tsunoda,,20.0,,,-1.2675189981055877e-15,1.4962437973119868e-15,0.0,,2025,7,Emilia Romagna Grand Prix,Italy,Imola,0.23155306933243747,0.0,-4.633625592485486e-16,25,11,9,4,20.0,0
4,NOR,McLaren,Lando,Norris,,1.0,,,-1.1587538231808863,-1.3562705772081307,-1.704204766691371,,2025,8,Monaco Grand Prix,Monaco,Monaco,-1.2773936523665468,-1.4799861237673495,-0.004893403499490651,16,7,12,14,1.0,1
16,LEC,Ferrari,Charles,Leclerc,,2.0,,,-1.1637486715074952,-1.3551124004411246,-1.6898622276316666,,2025,8,Monaco Grand Prix,Monaco,Monaco,-1.264694399484513,-1.4775464453931395,-0.025147633447310153,13,4,12,14,2.0,1
81,PIA,McLaren,Oscar,Piastri,,3.0,,,-1.1567023676181707,-1.3259474036719958,-1.6811777544395523,,2025,8,Monaco Grand Prix,Monaco,Monaco,-1.2570049436109885,-1.4614598161131886,-0.023551845633238946,19,7,12,14,3.0,1
44,HAM,Ferrari,Lewis,Hamilton,,4.0,,,-1.1328876443466596,-1.3233151837469852,-1.647887273869782,,2025,8,Monaco Grand Prix,Monaco,Monaco,-1.227528696095812,-1.4406844299578025,-0.021833304910394234,10,4,12,14,4.0,1
1,VER,Red Bull Racing,Max,Verstappen,,5.0,,,-1.145731540043655,-1.3241574941229886,-1.6101229737768028,,2025,8,Monaco Grand Prix,Monaco,Monaco,-1.1940912137366997,-1.435538233387204,-0.07473980859227194,26,11,12,14,5.0,1
6,HAD,Racing Bulls,Isack,Hadjar,,6.0,,,-1.111837926398806,-1.3067848426179114,-1.5767009102798786,,2025,8,Monaco Grand Prix,Monaco,Monaco,-1.164498459314348,-1.4050803736841708,-0.059272942086664324,9,10,12,14,6.0,1
14,ALO,Aston Martin,Fernando,Alonso,,7.0,,,-1.1240574660549751,-1.291833833443846,-1.5765693273527248,,2025,8,Monaco Grand Prix,Monaco,Monaco,-1.1643819524071728,-1.4048516538365876,-0.0762128434975679,1,1,12,14,7.0,1
31,OCO,Haas F1 Team,Esteban,Ocon,,8.0,,,-1.1093405022355023,-1.2834107296838089,-1.5742008346639682,,2025,8,Monaco Grand Prix,Monaco,Monaco,-1.1622848280780314,-1.394826100517567,-0.058168165907692346,17,5,12,14,8.0,1
30,LAW,Racing Bulls,Liam,Lawson,,9.0,,,-1.1112135703579809,-1.2846741952478145,-1.5495948272863105,,2025,8,Monaco Grand Prix,Monaco,Monaco,-1.140498036436378,-1.3889556244296235,-0.08370077093282297,12,10,12,14,9.0,1
23,ALB,Williams,Alexander,Albon,,10.0,,,-1.1280711834602861,-1.3392137920940548,-1.5385418614054396,,2025,8,Monaco Grand Prix,Monaco,Monaco,-1.186751278584699,-1.4127043686035778,-0.11721231502830265,0,12,12,14,10.0,1
55,SAI,Williams,Carlos,Sainz,,11.0,,,-1.1211140732910816,-1.272881849983763,0.0,,2025,8,Monaco Grand Prix,Monaco,Monaco,-1.1133519270646948,-0.939995165289695,-1.542933890217693,22,12,12,14,11.0,0
22,TSU,Red Bull Racing,Yuki,Tsunoda,,12.0,,,-1.1128190573201053,-1.2673015437427373,0.0,,2025,8,Monaco Grand Prix,Monaco,Monaco,-1.107177060984439,-0.934429648998528,-1.5315178697016494,25,11,12,14,12.0,0
27,HUL,Kick Sauber,Nico,Hulkenberg,,13.0,,,-1.106486303191726,-1.2482442714856536,0.0,,2025,8,Monaco Grand Prix,Monaco,Monaco,-1.0860893107858347,-0.9248234154000743,-1.5228024131786488,11,6,12,14,13.0,0
63,RUS,Mercedes,George,Russell,,14.0,,,-1.1389528173146848,1.4962437973119868e-15,0.0,,2025,8,Monaco Grand Prix,Monaco,Monaco,-1.096458425524375,-0.4867702838923052,-1.5674844719726235,21,8,12,14,14.0,0
12,ANT,Mercedes,Kimi,Antonelli,,15.0,,,-1.1056835597106638,1.4962437973119868e-15,0.0,,2025,8,Monaco Grand Prix,Monaco,Monaco,-1.0530013491482464,-0.47255153336761113,-1.5216976369996769,2,8,12,14,15.0,0
5,BOR,Kick Sauber,Gabriel,Bortoleto,,16.0,,,-1.1037212978680668,1.4962437973119868e-15,0.0,,2025,8,Monaco Grand Prix,Monaco,Monaco,-1.0504381971904042,-0.4717128939264745,-1.5189970730066336,4,6,12,14,16.0,0
87,BEA,Haas F1 Team,Oliver,Bearman,,17.0,,,-1.0968533814189794,1.4962437973119868e-15,0.0,,2025,8,Monaco Grand Prix,Monaco,Monaco,-1.0414671653379595,-0.46877765588250264,-1.509545099030985,3,5,12,14,17.0,0
10,GAS,Alpine,Pierre,Gasly,,18.0,,,-1.095515475617209,1.4962437973119868e-15,0.0,,2025,8,Monaco Grand Prix,Monaco,Monaco,-1.03971956173034,-0.4682058562635476,-1.5077038053993652,8,0,12,14,18.0,0
18,STR,Aston Martin,Lance,Stroll,,19.0,,,-1.0447642488700548,1.4962437973119868e-15,0.0,,2025,8,Monaco Grand Prix,Monaco,Monaco,-0.9734271315479864,-0.44651559071783326,-1.4378574003065838,24,1,12,14,19.0,0
43,COL,Alpine,Franco,Colapinto,,20.0,,,-1.0417316623860426,1.4962437973119868e-15,0.0,,2025,8,Monaco Grand Prix,Monaco,Monaco,-0.9694658967040506,-0.44521951158153483,-1.4336838014082465,6,0,12,14,20.0,0
81,PIA,McLaren,Oscar,Piastri,,1.0,,,-1.0458345735114711,-1.2059181750914671,-1.4947247466634084,,2025,9,Spanish Grand Prix,Spain,Barcelona,-1.091914656144565,-1.3166039126444449,-0.04491085176003042,19,7,17,2,1.0,1
4,NOR,McLaren,Lando,Norris,,2.0,,,-1.0237145309222013,-1.199811424865441,-1.4672239148883823,,2025,9,Spanish Grand Prix,Spain,Barcelona,-1.0675647125450727,-1.2969721257269722,-0.04012348831781679,16,7,17,2,2.0,1
1,VER,Red Bull Racing,Max,Verstappen,,3.0,,,-1.0238037246423197,-1.1680142081713003,-1.4549867026631302,,2025,9,Spanish Grand Prix,Spain,Barcelona,-1.0567295701778334,-1.2819528557357383,-0.05166226174263576,26,11,17,2,3.0,1
63,RUS,Mercedes,George,Russell,,4.0,,,-1.023090174881376,-1.1628550571182783,-1.4549867026631302,,2025,9,Spanish Grand Prix,Spain,Barcelona,-1.0567295701778334,-1.2797800171837097,-0.05068023847243903,21,8,17,2,4.0,1
44,HAM,Ferrari,Lewis,Hamilton,,5.0,,,-1.0006133574116338,-1.158643505238259,-1.4290648660139413,,2025,9,Spanish Grand Prix,Spain,Barcelona,-1.033777709464435,-1.2611393496057572,-0.04392882848983195,10,4,17,2,5.0,1
12,ANT,Mercedes,Kimi,Antonelli,,6.0,,,-1.0222874314003139,-1.144113651252196,-1.420380392821827,,2025,9,Spanish Grand Prix,Spain,Barcelona,-1.0260882535909102,-1.2626260286150421,-0.08185947730120302,2,8,17,2,6.0,1
16,LEC,Ferrari,Charles,Leclerc,,7.0,,,-1.0045378810968277,-1.1535896429822368,-1.4177487342787627,,2025,9,Spanish Grand Prix,Spain,Barcelona,-1.0237581154474185,-1.2577085518920237,-0.0598867066305388,13,4,17,2,7.0,1
10,GAS,Alpine,Pierre,Gasly,,8.0,,,-0.9985619018489198,-1.141376142530183,-1.4088010952323424,,2025,9,Spanish Grand Prix,Spain,Barcelona,-1.0158356457595452,-1.2481404382681667,-0.060009459539312304,8,0,17,2,8.0,1
6,HAD,Racing Bulls,Isack,Hadjar,,9.0,,,-0.9933886660820752,-1.157169462080253,-1.401827200093221,,2025,9,Spanish Grand Prix,Spain,Barcelona,-1.0096607796792911,-1.2496271172774533,-0.05939569499543957,9,10,17,2,9.0,1
14,ALO,Aston Martin,Fernando,Alonso,,10.0,,,-0.9966888337264412,-1.1506415566662247,-1.3976165464243158,,2025,9,Spanish Grand Prix,Spain,Barcelona,-1.0059325586497023,-1.2474542787254215,-0.06786564570089136,1,1,17,2,10.0,1
23,ALB,Williams,Alexander,Albon,,11.0,,,-1.0018620694932872,-1.1382174786201689,0.0,,2025,9,Spanish Grand Prix,Spain,Barcelona,-0.9643395927883665,-0.8402733117438451,-1.3788132511859736,0,12,17,2,11.0,0
5,BOR,Kick Sauber,Gabriel,Bortoleto,,12.0,,,-1.0017728757731685,-1.126109266965116,0.0,,2025,9,Spanish Grand Prix,Spain,Barcelona,-0.9509412984632868,-0.8358513946905899,-1.3786904982771984,4,6,17,2,12.0,0
30,LAW,Racing Bulls,Liam,Lawson,,13.0,,,-1.0023080380938767,-1.1253722453861124,0.0,,2025,9,Spanish Grand Prix,Spain,Barcelona,-0.9501257501130639,-0.8358132747159915,-1.3794270157298463,12,10,17,2,13.0,0
18,STR,Aston Martin,Lance,Stroll,,14.0,,,-1.0023972318139953,-1.0943120502709753,0.0,,2025,9,Spanish Grand Prix,Spain,Barcelona,-0.918086350640047,-0.8246060021844627,-1.3795497686386216,24,1,17,2,14.0,0
87,BEA,Haas F1 Team,Oliver,Bearman,,15.0,,,-0.9991862578897464,-1.067252829441857,0.0,,2025,9,Spanish Grand Prix,Spain,Barcelona,-0.9138921019817609,-0.8134368496275305,-1.3751306639227336,3,5,17,2,15.0,0
27,HUL,Kick Sauber,Nico,Hulkenberg,,16.0,,,-0.988839786356056,1.4962437973119868e-15,0.0,,2025,9,Spanish Grand Prix,Spain,Barcelona,-0.9003773007495061,-0.422614366645492,-1.3608913265048732,11,6,17,2,16.0,0
31,OCO,Haas F1 Team,Esteban,Ocon,,17.0,,,-0.987858655434758,1.4962437973119868e-15,0.0,,2025,9,Spanish Grand Prix,Spain,Barcelona,-0.8990957247705859,-0.4221950469249237,-1.3595410445083524,17,5,17,2,17.0,0
55,SAI,Williams,Carlos,Sainz,,18.0,,,-0.9876802679945212,1.4962437973119868e-15,0.0,,2025,9,Spanish Grand Prix,Spain,Barcelona,-0.8988627109562355,-0.42211880697573034,-1.359295538690802,22,12,17,2,18.0,0
43,COL,Alpine,Franco,Colapinto,,19.0,,,-0.9759958906590604,1.4962437973119868e-15,0.0,,2025,9,Spanish Grand Prix,Spain,Barcelona,-0.8836003061163614,-0.41712509030351846,-1.3432149076413218,6,0,17,2,19.0,0
22,TSU,Red Bull Racing,Yuki,Tsunoda,,20.0,,,-0.9714470109330412,1.4962437973119868e-15,0.0,,2025,9,Spanish Grand Prix,Spain,Barcelona,-0.8776584538504562,-0.41518097159906836,-1.3369545092938138,25,11,17,2,20.0,0
63,RUS,Mercedes,George,Russell,,1.0,,,-1.088290784287649,-1.2509817802076668,-1.5798589005315566,,2025,10,Canadian Grand Prix,Canada,Montréal,-1.1672946250865388,-1.3757279932444528,-0.023920104359562936,21,8,6,16,1.0,1
1,VER,Red Bull Racing,Max,Verstappen,,2.0,,,-1.0901638524101276,-1.243822142011634,-1.5588056321870383,,2025,10,Canadian Grand Prix,Canada,Montréal,-1.1486535199386014,-1.3678371585028641,-0.04613838084777589,26,11,6,16,2.0,1
81,PIA,McLaren,Oscar,Piastri,,3.0,,,-1.1004211302237008,-1.2357149046425986,-1.5507790736306897,,2025,10,Canadian Grand Prix,Canada,Montréal,-1.1415465986009494,-1.3669603990871324,-0.06774289279211786,19,7,6,16,3.0,1
12,ANT,Mercedes,Kimi,Antonelli,,4.0,,,-1.0700952653835734,-1.2084451062194783,-1.515120100372161,,2025,10,Canadian Grand Prix,Canada,Montréal,-1.1099732267566298,-1.3337960211877107,-0.059272942086666065,2,8,6,16,4.0,1
44,HAM,Ferrari,Lewis,Hamilton,,5.0,,,-1.099261611862166,-1.2178158091525195,-1.4973564052064745,,2025,10,Canadian Grand Prix,Canada,Montréal,-1.0942447942880584,-1.344507734049478,-0.11598478594055718,10,4,6,16,5.0,1
14,ALO,Aston Martin,Fernando,Alonso,,6.0,,,-1.0884691717278858,-1.2262389129125564,-1.4894614295772797,,2025,10,Canadian Grand Prix,Canada,Montréal,-1.0872543798575816,-1.3406576166151778,-0.10849685850530387,1,1,6,16,6.0,1
4,NOR,McLaren,Lando,Norris,,7.0,,,-1.110500020597037,-1.2479284050946524,-1.4843296954183032,,2025,10,Canadian Grand Prix,Canada,Montréal,-1.0857397900643109,-1.3564392860983503,-0.1436041904148565,16,7,6,16,7.0,1
16,LEC,Ferrari,Charles,Leclerc,,8.0,,,-1.0915909519320164,-1.2450856075756396,-1.476829468570568,,2025,10,Canadian Grand Prix,Canada,Montréal,-1.0825941035705964,-1.345155773617628,-0.12457748955478422,13,4,6,16,8.0,1
6,HAD,Racing Bulls,Isack,Hadjar,,9.0,,,-1.0761604383515986,-1.2053917311064652,-1.4524866270472179,,2025,10,Canadian Grand Prix,Canada,Montréal,-1.0545159389415153,-1.317137592288805,-0.1260505244600802,9,10,6,16,9.0,1
23,ALB,Williams,Alexander,Albon,,10.0,,,-1.0869528784858786,-1.2170787875735172,-1.4472233099610894,,2025,10,Canadian Grand Prix,Canada,Montréal,-1.0516032662621508,-1.3244566274114353,-0.1458137427727987,0,12,6,16,10.0,1
22,TSU,Red Bull Racing,Yuki,Tsunoda,,11.0,,,-1.0651896107770815,-1.1949681402034191,0.0,,2025,10,Canadian Grand Prix,Canada,Montréal,-1.0271368157554817,-0.8878851600155442,-1.4659678164159806,25,11,6,16,11.0,0
43,COL,Alpine,Franco,Colapinto,,12.0,,,-1.0741089827888843,-1.1907565883234013,0.0,,2025,10,Canadian Grand Prix,Canada,Montréal,-1.0224765394684983,-0.8901723584913676,-1.4782431072934477,6,0,6,16,12.0,0
27,HUL,Kick Sauber,Nico,Hulkenberg,,13.0,,,-1.0661707416983806,-1.186439747646381,0.0,,2025,10,Canadian Grand Prix,Canada,Montréal,-1.017699756274338,-0.8852167617937523,-1.4673180984125032,11,6,6,16,13.0,0
87,BEA,Haas F1 Team,Oliver,Bearman,,14.0,,,-1.0676870349403866,-1.1699094065173088,0.0,,2025,10,Canadian Grand Prix,Canada,Montréal,-1.003369406691862,-0.8798799653501671,-1.4694048978616718,3,5,6,16,14.0,0
31,OCO,Haas F1 Team,Esteban,Ocon,,15.0,,,-1.061265087091889,-1.1389545001991728,0.0,,2025,10,Canadian Grand Prix,Canada,Montréal,-0.9949809093752896,-0.8659280546476513,-1.460566688429896,17,5,6,16,15.0,0
5,BOR,Kick Sauber,Gabriel,Bortoleto,,16.0,,,-1.0606407310510622,1.4962437973119868e-15,0.0,,2025,10,Canadian Grand Prix,Canada,Montréal,-0.9941653610250668,-0.4533009461961052,-1.4597074180684728,4,6,6,16,16.0,0
55,SAI,Williams,Carlos,Sainz,,17.0,,,-1.0594812126895288,1.4962437973119868e-15,0.0,,2025,10,Canadian Grand Prix,Canada,Montréal,-0.9926507712317979,-0.45280538652634517,-1.4581116302544035,22,12,6,16,17.0,0
18,STR,Aston Martin,Lance,Stroll,,18.0,,,-1.0488671599954842,1.4962437973119868e-15,0.0,,2025,10,Canadian Grand Prix,Canada,Montréal,-0.9787864492780193,-0.4482691095492983,-1.443504034110219,24,1,6,16,18.0,0
30,LAW,Racing Bulls,Liam,Lawson,,19.0,,,-1.0481536102345392,1.4962437973119868e-15,0.0,,2025,10,Canadian Grand Prix,Canada,Montréal,-0.9778543940206212,-0.44796414975252163,-1.4425220108400205,12,10,6,16,19.0,0
10,GAS,Alpine,Pierre,Gasly,,20.0,,,-1.0354881019777806,1.4962437973119868e-15,0.0,,2025,10,Canadian Grand Prix,Canada,Montréal,-0.961310413201827,-0.4425511133597414,-1.4250910977940194,8,0,6,16,20.0,0
4,NOR,McLaren,Lando,Norris,,1.0,,,-1.7485918943213596,-2.0048495667309867,-2.491465419849217,,2025,11,Austrian Grand Prix,Austria,Spielberg,-1.9744544779922422,-2.1949643673093826,-0.08222773602752613,16,7,1,22,1.0,1
16,LEC,Ferrari,Charles,Leclerc,,2.0,,,-1.701765191259398,-1.9707359965028368,-2.422910714802377,,2025,11,Austrian Grand Prix,Austria,Spielberg,-1.913754379354269,-2.142740002111442,-0.08173672439242777,13,4,1,22,2.0,1
81,PIA,McLaren,Oscar,Piastri,,3.0,,,-1.7223689406066616,-1.989477402368919,-2.4147525733188764,,2025,11,Austrian Grand Prix,Austria,Spielberg,-1.9065309511094435,-2.1559676332966142,-0.11770332666340363,19,7,1,22,3.0,1
44,HAM,Ferrari,Lewis,Hamilton,,4.0,,,-1.7090790763090764,-1.953679211388761,-2.4110682513585866,,2025,11,Austrian Grand Prix,Austria,Spielberg,-1.9032687577085552,-2.136259606429945,-0.10285022470166875,10,4,1,22,4.0,1
63,RUS,Mercedes,George,Russell,,5.0,,,-1.702478741020343,-1.9574696080807779,-2.3872517415438486,,2025,11,Austrian Grand Prix,Austria,Spielberg,-1.8821810075099494,-2.1279113319931944,-0.11598478594055893,21,8,1,22,5.0,1
30,LAW,Racing Bulls,Liam,Lawson,,6.0,,,-1.7178200608806424,-1.9384123358236942,-2.3658037244178702,,2025,11,Austrian Grand Prix,Austria,Spielberg,-1.8631903816404882,-2.1213546963625043,-0.1571070103800689,12,10,1,22,6.0,1
1,VER,Red Bull Racing,Max,Verstappen,,7.0,,,-1.7098818197901386,-1.9599965392087892,-2.3654089756364107,,2025,11,Austrian Grand Prix,Austria,Spielberg,-1.8736760032862037,-2.1256622534919676,-0.14655026022544843,26,11,1,22,7.0,1
5,BOR,Kick Sauber,Gabriel,Bortoleto,,8.0,,,-1.7083655265481315,-1.958943651238784,-2.3386976414243024,,2025,11,Austrian Grand Prix,Austria,Spielberg,-1.8725109342144568,-2.1168946593346507,-0.16938230125753412,4,6,1,22,8.0,1
12,ANT,Mercedes,Kimi,Antonelli,,9.0,,,-1.703459871941641,-1.937254159056688,-2.3197496999142366,,2025,11,Austrian Grand Prix,Austria,Spielberg,-1.8485105113364868,-2.101456069622848,-0.18030731013847862,2,8,1,22,9.0,1
10,GAS,Alpine,Pierre,Gasly,,10.0,,,-1.714519893236275,-1.958943651238784,-2.2706692680860767,,2025,11,Austrian Grand Prix,Austria,Spielberg,-1.8725109342144568,-2.0998169107151767,-0.2413155057994841,8,0,1,22,10.0,1
14,ALO,Aston Martin,Fernando,Alonso,,11.0,,,-1.701765191259398,-1.9292522104846535,0.0,,2025,11,Austrian Grand Prix,Austria,Spielberg,-1.8396559863912172,-1.4257961215543404,-2.342055326340722,1,1,1,22,11.0,0
23,ALB,Williams,Alexander,Albon,,12.0,,,-1.7065816521457713,-1.921144973115618,0.0,,2025,11,Austrian Grand Prix,Austria,Spielberg,-1.8379083827835978,-1.4249193621386071,-2.3486839834145536,0,12,1,22,12.0,0
6,HAD,Racing Bulls,Isack,Hadjar,,13.0,,,-1.7137171497552128,-1.918933908378608,0.0,,2025,11,Austrian Grand Prix,Austria,Spielberg,-1.8472289353575666,-1.4271684406398337,-2.3585042161165264,9,10,1,22,13.0,0
43,COL,Alpine,Franco,Colapinto,,14.0,,,-1.694540499929838,-1.9124060029645797,0.0,,2025,11,Austrian Grand Prix,Austria,Spielberg,-1.8221799503150249,-1.4166092076764534,-2.3321123407299744,6,0,1,22,14.0,0
87,BEA,Haas F1 Team,Oliver,Bearman,,15.0,,,-1.6998921231369195,-1.9098790718365686,0.0,,2025,11,Austrian Grand Prix,Austria,Spielberg,-1.8291703647455018,-1.4179815267619467,-2.339477515256454,3,5,1,22,15.0,0
18,STR,Aston Martin,Lance,Stroll,,16.0,,,-1.68999162020382,1.4962437973119868e-15,0.0,,2025,11,Austrian Grand Prix,Austria,Spielberg,-1.816238098049121,-0.7222754869528033,-2.325851942382468,24,1,1,22,16.0,0
31,OCO,Haas F1 Team,Esteban,Ocon,,17.0,,,-1.6868698399996882,1.4962437973119868e-15,0.0,,2025,11,Austrian Grand Prix,Austria,Spielberg,-1.8121603562980084,-0.7209412878419066,-2.3215555905753535,17,5,1,22,17.0,0
22,TSU,Red Bull Racing,Yuki,Tsunoda,,18.0,,,-1.6864238713990987,1.4962437973119868e-15,0.0,,2025,11,Austrian Grand Prix,Austria,Spielberg,-1.8115778217621359,-0.7207506879689216,-2.320941826031481,25,11,1,22,18.0,0
55,SAI,Williams,Carlos,Sainz,,19.0,,,-1.6674256090139608,1.4962437973119868e-15,0.0,,2025,11,Austrian Grand Prix,Austria,Spielberg,-1.7867618505339447,-0.7126311333797528,-2.2947954564624795,22,12,1,22,19.0,0
27,HUL,Kick Sauber,Nico,Hulkenberg,,20.0,,,-1.6652849597311281,1.4962437973119868e-15,0.0,,2025,11,Austrian Grand Prix,Austria,Spielberg,-1.7839656847617538,-0.7117162539894228,-2.2918493866518874,11,6,1,22,20.0,0
1,VER,Red Bull Racing,Max,Verstappen,,1.0,,,0.1435636842623395,0.19631802336070867,0.2613809991237569,,2025,12,British Grand Prix,United Kingdom,Silverstone,0.462986527007788,0.20815695126245293,-0.04626113375655114,26,11,19,20,1.0,1
81,PIA,McLaren,Oscar,Piastri,,2.0,,,0.15043160071142697,0.19631802336070867,0.27493404062054194,,2025,12,British Grand Prix,United Kingdom,Silverstone,0.47498673844677386,0.21501854668991993,-0.04945270938469355,19,7,19,20,2.0,1
4,NOR,McLaren,Lando,Norris,,3.0,,,0.1647025959303113,0.1873684756156684,0.27690778452784065,,2025,12,British Grand Prix,United Kingdom,Silverstone,0.4767343420543931,0.2184493444036518,-0.03165353761236674,16,7,19,20,3.0,1
63,RUS,Mercedes,George,Russell,,4.0,,,0.17478148630364765,0.2301157271978573,0.2794078601437511,,2025,12,British Grand Prix,United Kingdom,Silverstone,0.47894797329070965,0.23895789073685944,-0.02011476418754778,21,8,19,20,4.0,1
44,HAM,Ferrari,Lewis,Hamilton,,5.0,,,0.1801331095107291,0.17189102245660115,0.28809233333586537,,2025,12,British Grand Prix,United Kingdom,Silverstone,0.48535585318531405,0.22268066158392527,-0.020851281640195764,10,4,19,20,5.0,1
16,LEC,Ferrari,Charles,Leclerc,,6.0,,,0.17032180029774685,0.17705017350962307,0.2915134894418492,,2025,12,British Grand Prix,United Kingdom,Silverstone,0.4896666087507737,0.22134646247302855,-0.03754567723354885,13,4,19,20,6.0,1
12,ANT,Mercedes,Kimi,Antonelli,,7.0,,,0.17736810418706994,0.22832581764884988,0.32480397001161937,,2025,12,British Grand Prix,United Kingdom,Silverstone,0.5191428562659502,0.25256672166800176,-0.05890468336034033,2,8,19,20,7.0,1
87,BEA,Haas F1 Team,Oliver,Bearman,,8.0,,,0.154177736956384,0.21927098110681015,0.33756751394548495,,2025,12,British Grand Prix,United Kingdom,Silverstone,0.5304440262618885,0.24307484799333964,-0.10272747179289525,3,5,19,20,8.0,1
14,ALO,Aston Martin,Fernando,Alonso,,9.0,,,0.16336469012854093,0.22548302012983723,0.35730495301847015,,2025,12,British Grand Prix,United Kingdom,Silverstone,0.5446578689371909,0.25496828006761524,-0.10849685850530212,1,1,19,20,9.0,1
10,GAS,Alpine,Pierre,Gasly,,10.0,,,0.18298730855450548,0.23790709817589142,0.378884553071602,,2025,12,British Grand Prix,United Kingdom,Silverstone,0.5584056839837944,0.2741045073153262,-0.10162269561392154,8,0,19,20,10.0,1
55,SAI,Williams,Carlos,Sainz,,11.0,,,0.16934066937644773,0.2415922060709073,0.0,,2025,12,British Grand Prix,United Kingdom,Silverstone,0.23155306933243747,0.15984234178402873,0.2330551939340737,22,12,19,20,11.0,0
22,TSU,Red Bull Racing,Yuki,Tsunoda,,12.0,,,0.1782600413882506,0.2500153098309442,0.0,,2025,12,British Grand Prix,United Kingdom,Silverstone,0.23155306933243747,0.16670393721149573,0.24533048481154066,25,11,19,20,12.0,0
6,HAD,Racing Bulls,Isack,Hadjar,,13.0,,,0.16951905681668464,0.254016284116963,0.0,,2025,12,British Grand Prix,United Kingdom,Silverstone,0.23155306933243747,0.1644167387356723,0.2333006997516242,9,10,19,20,13.0,0
23,ALB,Williams,Alexander,Albon,,14.0,,,0.1620267843267706,0.2566485040419737,0.0,,2025,12,British Grand Prix,United Kingdom,Silverstone,0.23155306933243747,0.1621676602344472,0.22298945541455245,0,12,19,20,14.0,0
31,OCO,Haas F1 Team,Esteban,Ocon,,15.0,,,0.16586211429184478,0.26307112065900273,0.0,,2025,12,British Grand Prix,United Kingdom,Silverstone,0.23155306933243747,0.1661321375925407,0.22826783049186183,17,5,19,20,15.0,0
30,LAW,Racing Bulls,Liam,Lawson,,16.0,,,0.19297700520772337,1.4962437973119868e-15,0.0,,2025,12,British Grand Prix,United Kingdom,Silverstone,0.23155306933243747,0.0824752967652543,0.2655847147593584,12,10,19,20,16.0,0
5,BOR,Kick Sauber,Gabriel,Bortoleto,,17.0,,,0.19351216752843153,1.4962437973119868e-15,0.0,,2025,12,British Grand Prix,United Kingdom,Silverstone,0.23155306933243747,0.08270401661283598,0.26632123221200643,4,6,19,20,17.0,0
18,STR,Aston Martin,Lance,Stroll,,18.0,,,0.19868540329527737,1.4962437973119868e-15,0.0,,2025,12,British Grand Prix,United Kingdom,Silverstone,0.23155306933243747,0.08491497513946442,0.2734409009209375,24,1,19,20,18.0,0
27,HUL,Kick Sauber,Nico,Hulkenberg,,19.0,,,0.20492896370353822,1.4962437973119868e-15,0.0,,2025,12,British Grand Prix,United Kingdom,Silverstone,0.23155306933243747,0.08758337336125624,0.2820336045351628,11,6,19,20,19.0,0
43,COL,Alpine,Franco,Colapinto,,20.0,,,0.24827711168089686,1.4962437973119868e-15,0.0,,2025,12,British Grand Prix,United Kingdom,Silverstone,0.23155306933243747,0.10610968101541712,0.34169151819964755,6,0,19,20,20.0,0
4,NOR,McLaren,Lando,Norris,,1.0,,,1.492529507327291,1.81766020837085,2.323285467615058,,2025,13,Belgian Grand Prix,Belgium,Spa-Francorchamps,2.2886497624339377,1.969032937823404,-0.113284221947514,16,7,4,21,1.0,1
81,PIA,McLaren,Oscar,Piastri,,2.0,,,1.5095655078698322,1.8082895054378088,2.3344700164230847,,2025,13,Belgian Grand Prix,Belgium,Spa-Francorchamps,2.2961062044931135,1.9761613730730476,-0.10027241361740256,19,7,4,21,2.0,1
16,LEC,Ferrari,Charles,Leclerc,,3.0,,,1.5482755824010543,1.856511774464021,2.367760496992855,,2025,13,Belgian Grand Prix,Belgium,Spa-Francorchamps,2.3280290970589568,2.019808743986658,-0.07805413712918786,13,4,4,21,3.0,1
1,VER,Red Bull Racing,Max,Verstappen,,4.0,,,1.52142827264553,1.8425083644629583,2.3681552457743145,,2025,13,Belgian Grand Prix,Belgium,Spa-Francorchamps,2.328378617780481,2.003379034935332,-0.11537102139668444,26,11,4,21,4.0,1
23,ALB,Williams,Alexander,Albon,,5.0,,,1.5604951220572232,1.9008383580012154,2.407366958065979,,2025,13,Belgian Grand Prix,Belgium,Spa-Francorchamps,2.3630976761185134,2.0525538021655096,-0.09818561416823038,0,12,4,21,5.0,1
63,RUS,Mercedes,George,Russell,,6.0,,,1.5615654466986395,1.8744108699541,2.4151303507680217,,2025,13,Belgian Grand Prix,Belgium,Spa-Francorchamps,2.369272542198769,2.0456922067380443,-0.10395500088064073,21,8,4,21,6.0,1
22,TSU,Red Bull Racing,Yuki,Tsunoda,,7.0,,,1.5665602950252484,1.8734632707810959,2.4182883410196996,,2025,13,Belgian Grand Prix,Belgium,Spa-Francorchamps,2.3682239800341973,2.048398724934436,-0.10002690779985207,25,11,4,21,7.0,1
6,HAD,Racing Bulls,Isack,Hadjar,,8.0,,,1.5426563780336189,1.8772536674731126,2.4217094971256836,,2025,13,Belgian Grand Prix,Belgium,Spa-Francorchamps,2.3724182286924838,2.040546010167446,-0.13611626297960144,9,10,4,21,8.0,1
30,LAW,Racing Bulls,Liam,Lawson,,9.0,,,1.5583544727743908,1.878938288225119,2.424077989814442,,2025,13,Belgian Grand Prix,Belgium,Spa-Francorchamps,2.3742823392072765,2.0485512048328243,-0.11672130339320516,12,10,4,21,9.0,1
5,BOR,Kick Sauber,Gabriel,Bortoleto,,10.0,,,1.5726254679932739,1.8830445513081373,2.563424309669725,,2025,13,Belgian Grand Prix,Belgium,Spa-Francorchamps,2.3788261085870865,2.0965061328758954,-0.22707616838162373,4,6,4,21,10.0,1
31,OCO,Haas F1 Team,Esteban,Ocon,,11.0,,,1.5704848187104412,1.9029441339412259,0.0,,2025,13,Belgian Grand Prix,Belgium,Spa-Francorchamps,0.23155306933243747,1.3601641018955424,2.161380637875192,17,5,4,21,11.0,0
87,BEA,Haas F1 Team,Oliver,Bearman,,12.0,,,1.5466700954389299,1.9126307032652683,0.0,,2025,13,Belgian Grand Prix,Belgium,Spa-Francorchamps,0.23155306933243747,1.3534931063410605,2.128605611232359,3,5,4,21,12.0,0
10,GAS,Alpine,Pierre,Gasly,,13.0,,,1.5629925462205272,1.9143153240172748,0.0,,2025,13,Belgian Grand Prix,Belgium,Spa-Francorchamps,0.23155306933243747,1.3610789812858708,2.1510693935381204,8,0,4,21,13.0,0
27,HUL,Kick Sauber,Nico,Hulkenberg,,14.0,,,1.5669170699057198,1.922106694995309,0.0,,2025,13,Belgian Grand Prix,Belgium,Spa-Francorchamps,0.23155306933243747,1.365577138288321,2.1564705215242053,11,6,4,21,14.0,0
55,SAI,Williams,Carlos,Sainz,,15.0,,,1.5532704307276632,1.9274764236423327,0.0,,2025,13,Belgian Grand Prix,Belgium,Spa-Francorchamps,0.23155306933243747,1.3616889008794242,2.1376893264816834,22,12,4,21,15.0,0
44,HAM,Ferrari,Lewis,Hamilton,,16.0,,,1.5753904733169317,1.4962437973119868e-15,0.0,,2025,13,Belgian Grand Prix,Belgium,Spa-Francorchamps,0.23155306933243747,0.6732967830447365,2.1681320478577977,10,4,4,21,16.0,0
43,COL,Alpine,Franco,Colapinto,,17.0,,,1.5827935520867285,1.4962437973119868e-15,0.0,,2025,13,Belgian Grand Prix,Belgium,Spa-Francorchamps,0.23155306933243747,0.6764607409362916,2.178320539286096,6,0,4,21,17.0,0
12,ANT,Mercedes,Kimi,Antonelli,,18.0,,,1.5932292173405362,1.4962437973119868e-15,0.0,,2025,13,Belgian Grand Prix,Belgium,Spa-Francorchamps,0.23155306933243747,0.6809207779641435,2.19268262961273,2,8,4,21,18.0,0
14,ALO,Aston Martin,Fernando,Alonso,,19.0,,,1.6151708724895701,1.4962437973119868e-15,0.0,,2025,13,Belgian Grand Prix,Belgium,Spa-Francorchamps,0.23155306933243747,0.6902982917150173,2.222879845171297,1,1,4,21,19.0,0
18,STR,Aston Martin,Lance,Stroll,,20.0,,,1.6256065377433777,1.4962437973119868e-15,0.0,,2025,13,Belgian Grand Prix,Belgium,Spa-Francorchamps,0.23155306933243747,0.6947583287428692,2.237241935497931,24,1,4,21,20.0,0
16,LEC,Ferrari,Charles,Leclerc,,1.0,,,-0.7754884078337498,-0.8419348038608647,-0.9912884673751057,,2025,14,Hungarian Grand Prix,Hungary,Budapest,-0.6461592292945053,-0.9234344946506023,-0.14249941423588453,13,4,8,3,1.0,1
81,PIA,McLaren,Oscar,Piastri,,2.0,,,-0.8085792779975353,-0.8960532455191026,-0.9878673112691219,,2025,14,Hungarian Grand Prix,Hungary,Budapest,-0.6963737062867622,-0.9561795528294589,-0.19123231901942309,19,7,8,3,2.0,1
4,NOR,McLaren,Lando,Norris,,3.0,,,-0.7807508373207129,-0.9014229741661265,-0.9858935673618231,,2025,14,Hungarian Grand Prix,Hungary,Budapest,-0.7023155585526676,-0.9456584398406751,-0.15477470511334973,16,7,8,3,3.0,1
63,RUS,Mercedes,George,Russell,,4.0,,,-0.7714746904284387,-0.868678158298983,-0.9843145722359842,,2025,14,Hungarian Grand Prix,Hungary,Budapest,-0.6660819104213644,-0.9293812106877409,-0.14348143750608125,21,8,8,3,4.0,1
14,ALO,Aston Martin,Fernando,Alonso,,5.0,,,-0.8023357175892731,-0.8482521316808928,-0.976945928315403,,2025,14,Hungarian Grand Prix,Hungary,Budapest,-0.6567613578473942,-0.9330407282490562,-0.19282810683349255,1,1,8,3,5.0,1
18,STR,Aston Martin,Lance,Stroll,,6.0,,,-0.7673717793030093,-0.8762589516830152,-0.9747090185537965,,2025,14,Hungarian Grand Prix,Hungary,Budapest,-0.6744704077379351,-0.9275895718816792,-0.14679576604299718,24,1,8,3,6.0,1
5,BOR,Kick Sauber,Gabriel,Bortoleto,,7.0,,,-0.7751316329532774,-0.8175078029567572,-0.944839694090012,,2025,14,Hungarian Grand Prix,Hungary,Budapest,-0.6212267511591387,-0.9009818296129479,-0.18534017939823924,4,6,8,3,7.0,1
1,VER,Red Bull Racing,Max,Verstappen,,8.0,,,-0.7617525749355737,-0.8322482345368222,-0.9444449453085523,,2025,14,Hungarian Grand Prix,Hungary,Budapest,-0.6257705205389488,-0.9004862699431846,-0.16729550180836367,26,11,8,3,8.0,1
30,LAW,Racing Bulls,Liam,Lawson,,9.0,,,-0.7516736845622374,-0.8235092643857839,-0.9322077330833003,,2025,14,Hungarian Grand Prix,Hungary,Budapest,-0.6161004472434563,-0.8894695972846424,-0.16484044363287098,12,10,8,3,9.0,1
6,HAD,Racing Bulls,Isack,Hadjar,,10.0,,,-0.7813751933615383,-0.8404607607028587,-0.9198389379308944,,2025,14,Hungarian Grand Prix,Hungary,Budapest,-0.6348580592985688,-0.9047175871234565,-0.2172559356796512,9,10,8,3,10.0,1
87,BEA,Haas F1 Team,Oliver,Bearman,,11.0,,,-0.7605038628539218,-0.8167707813777534,0.0,,2025,14,Hungarian Grand Prix,Hungary,Budapest,-0.6086440051842803,-0.6207403780395061,-1.046643880041746,3,5,8,3,11.0,0
44,HAM,Ferrari,Lewis,Hamilton,,12.0,,,-0.7620201560959278,-0.8159284710017501,0.0,,2025,14,Hungarian Grand Prix,Hungary,Budapest,-0.6077119499268839,-0.6210834578108794,-1.0487306794909146,10,4,8,3,12.0,0
55,SAI,Williams,Carlos,Sainz,,13.0,,,-0.7692448474254877,-0.8076106560387127,0.0,,2025,14,Hungarian Grand Prix,Hungary,Budapest,-0.6135372952856142,-0.6211596977600744,-1.0586736651016624,22,12,8,3,13.0,0
43,COL,Alpine,Franco,Colapinto,,14.0,,,-0.7493546478391692,-0.7678114907725374,0.0,,2025,14,Hungarian Grand Prix,Hungary,Budapest,-0.5875562549856761,-0.598249593027255,-1.0312997664449135,6,0,8,3,14.0,0
12,ANT,Mercedes,Kimi,Antonelli,,15.0,,,-0.7576496638101454,-0.7439109338534332,0.0,,2025,14,Hungarian Grand Prix,Hungary,Budapest,-0.5983913973529154,-0.5931415164312513,-1.0427157869609573,2,8,8,3,15.0,0
22,TSU,Red Bull Racing,Yuki,Tsunoda,,16.0,,,-0.7472139985563365,1.4962437973119868e-15,0.0,,2025,14,Hungarian Grand Prix,Hungary,Budapest,-0.5847600892134853,-0.319347355462117,-1.0283536966343216,25,11,8,3,16.0,0
10,GAS,Alpine,Pierre,Gasly,,17.0,,,-0.7412380193084297,1.4962437973119868e-15,0.0,,2025,14,Hungarian Grand Prix,Hungary,Budapest,-0.5769541264327872,-0.31679331716411685,-1.0201292517464204,8,0,8,3,17.0,0
31,OCO,Haas F1 Team,Esteban,Ocon,,18.0,,,-0.7361539772617024,1.4962437973119868e-15,0.0,,2025,14,Hungarian Grand Prix,Hungary,Budapest,-0.5703132327238342,-0.3146204786120851,-1.0131323359462645,17,5,8,3,18.0,0
27,HUL,Kick Sauber,Nico,Hulkenberg,,19.0,,,-0.7309807414948565,1.4962437973119868e-15,0.0,,2025,14,Hungarian Grand Prix,Hungary,Budapest,-0.563555832107706,-0.31240952008545664,-1.0060126672373335,11,6,8,3,19.0,0
23,ALB,Williams,Alexander,Albon,,20.0,,,-0.7183152332380979,1.4962437973119868e-15,0.0,,2025,14,Hungarian Grand Prix,Hungary,Budapest,-0.5470118512889117,-0.306996483692678,-0.9885817541913324,0,12,8,3,20.0,0
81,PIA,McLaren,Oscar,Piastri,,1.0,,,-1.3324139962506736,-1.525364385190875,-1.8742099085733581,,2025,15,Dutch Grand Prix,Netherlands,Zandvoort,-1.4279205764361422,-1.6646774006899951,-0.08529655874689418,19,7,13,26,1.0,1
4,NOR,McLaren,Lando,Norris,,2.0,,,-1.3207296189152127,-1.534840376920917,-1.8726309134475192,,2025,15,Dutch Grand Prix,Netherlands,Zandvoort,-1.426522493550047,-1.6626570420363518,-0.07068896260270978,16,7,13,26,2.0,1
1,VER,Red Bull Racing,Max,Verstappen,,3.0,,,-1.3004826444484217,-1.5087287552648014,-1.8396035987320567,,2025,15,Dutch Grand Prix,Netherlands,Zandvoort,-1.3972792598492207,-1.6349819404789037,-0.07363503241329997,26,11,13,26,3.0,1
6,HAD,Racing Bulls,Isack,Hadjar,,4.0,,,-1.2764003400165562,-1.475352206615655,-1.802365630347689,,2025,15,Dutch Grand Prix,Netherlands,Zandvoort,-1.3643078051188058,-1.6018175625794822,-0.07523082022737118,9,10,13,26,4.0,1
63,RUS,Mercedes,George,Russell,,5.0,,,-1.3022665188507816,-1.4886185950377127,-1.796181232771487,,2025,15,Dutch Grand Prix,Netherlands,Zandvoort,-1.3588319804815994,-1.6158838332057879,-0.11659855048442992,21,8,13,26,5.0,1
16,LEC,Ferrari,Charles,Leclerc,,6.0,,,-1.2817519632236365,-1.4895661942107168,-1.7849966839634603,,2025,15,Dutch Grand Prix,Netherlands,Zandvoort,-1.3531231420300427,-1.604219120979094,-0.09879937871210485,13,4,13,26,6.0,1
44,HAM,Ferrari,Lewis,Hamilton,,7.0,,,-1.2822871255443447,-1.4940936124817374,-1.7784175376057987,,2025,15,Dutch Grand Prix,Netherlands,Zandvoort,-1.3581329390385517,-1.6041810010044972,-0.10567354160348544,10,4,13,26,7.0,1
30,LAW,Racing Bulls,Liam,Lawson,,8.0,,,-1.293079565678626,-1.4812483792476807,-1.7639434156189422,,2025,15,Dutch Grand Prix,Netherlands,Zandvoort,-1.3439190963632492,-1.599949683824227,-0.13402946353043274,12,10,13,26,8.0,1
55,SAI,Williams,Carlos,Sainz,,9.0,,,-1.275151627934903,-1.4718776763146397,-1.7632855009831765,,2025,15,Dutch Grand Prix,Netherlands,Zandvoort,-1.333549981624709,-1.5887042913180998,-0.10996989341059808,22,12,13,26,9.0,1
14,ALO,Aston Martin,Fernando,Alonso,,10.0,,,-1.2778274395384437,-1.4830382887966882,-1.7468376350890213,,2025,15,Dutch Grand Prix,Netherlands,Zandvoort,-1.3458997137852171,-1.5891236110386666,-0.12899659427067037,1,1,13,26,10.0,1
12,ANT,Mercedes,Kimi,Antonelli,,11.0,,,-1.2871927801508363,-1.4696666115776298,0.0,,2025,15,Dutch Grand Prix,Netherlands,Zandvoort,-1.3311033365740421,-1.082220790511242,-1.7714998063561074,2,8,13,26,11.0,0
22,TSU,Red Bull Racing,Yuki,Tsunoda,,12.0,,,-1.2774706646579725,-1.4560843567645696,0.0,,2025,15,Dutch Grand Prix,Netherlands,Zandvoort,-1.3160739455485166,-1.0731482365571465,-1.7581197392996704,25,11,13,26,12.0,0
5,BOR,Kick Sauber,Gabriel,Bortoleto,,13.0,,,-1.2700675858881756,-1.4560843567645696,0.0,,2025,15,Dutch Grand Prix,Netherlands,Zandvoort,-1.3160739455485166,-1.069984278665593,-1.747931247871372,4,6,13,26,13.0,0
10,GAS,Alpine,Pierre,Gasly,,14.0,,,-1.2828222878650528,-1.4545050248095626,0.0,,2025,15,Dutch Grand Prix,Netherlands,Zandvoort,-1.3143263419408975,-1.0748636354140133,-1.7654849138261484,8,0,13,26,14.0,0
23,ALB,Williams,Alexander,Albon,,15.0,,,-1.2919200473170913,-1.4529256928545555,0.0,,2025,15,Dutch Grand Prix,Netherlands,Zandvoort,-1.3125787383332783,-1.078180073203955,-1.778005710521164,0,12,13,26,15.0,0
43,COL,Alpine,Franco,Colapinto,,16.0,,,-1.2640916066402688,1.4962437973119868e-15,0.0,,2025,15,Dutch Grand Prix,Netherlands,Zandvoort,-1.2599176162903545,-0.5402526082519479,-1.7397068029834708,6,0,13,26,16.0,0
27,HUL,Kick Sauber,Nico,Hulkenberg,,17.0,,,-1.2559749781095295,1.4962437973119868e-15,0.0,,2025,15,Dutch Grand Prix,Netherlands,Zandvoort,-1.2493154877374655,-0.5367836905636193,-1.7285362882849775,11,6,13,26,17.0,0
31,OCO,Haas F1 Team,Esteban,Ocon,,18.0,,,-1.2557965906692925,1.4962437973119868e-15,0.0,,2025,15,Dutch Grand Prix,Netherlands,Zandvoort,-1.2490824739231152,-0.5367074506144243,-1.728290782467427,17,5,13,26,18.0,0
87,BEA,Haas F1 Team,Oliver,Bearman,,19.0,,,-1.2499989988616214,1.4962437973119868e-15,0.0,,2025,15,Dutch Grand Prix,Netherlands,Zandvoort,-1.2415095249567658,-0.5342296522656175,-1.7203118433970745,3,5,13,26,19.0,0
18,STR,Aston Martin,Lance,Stroll,,20.0,,,-1.2675189981055877e-15,1.4962437973119868e-15,0.0,,2025,15,Dutch Grand Prix,Netherlands,Zandvoort,0.23155306933243747,0.0,-4.633625592485486e-16,24,1,13,26,20.0,0
1,VER,Red Bull Racing,Max,Verstappen,,1.0,,,-0.4300411298166538,-0.4539455869141556,-0.541274856511018,,2025,16,Italian Grand Prix,Italy,Monza,-0.24770560675733655,-0.5049534135243252,-0.08689234656096365,26,11,9,17,1.0,1
4,NOR,McLaren,Lando,Norris,,2.0,,,-0.4245111191693367,-0.437836400973084,-0.5311429711202187,,2025,16,Italian Grand Prix,Italy,Monza,-0.23873457490489175,-0.4938223809419914,-0.08873364019258359,16,7,9,17,2.0,1
81,PIA,McLaren,Oscar,Piastri,,3.0,,,-0.4072075374664404,-0.4385734225520878,-0.5162741003519024,,2025,16,Italian Grand Prix,Italy,Monza,-0.2255692943941608,-0.48238638856287913,-0.07879065458183585,19,7,9,17,3.0,1
16,LEC,Ferrari,Charles,Leclerc,,4.0,,,-0.40916979930903735,-0.4360464914240766,-0.5129845271730706,,2025,16,Italian Grand Prix,Italy,Monza,-0.22265662171479486,-0.4813571492487591,-0.0845600412942462,13,4,9,17,4.0,1
44,HAM,Ferrari,Lewis,Hamilton,,5.0,,,-0.40239107658006706,-0.42962387480704906,-0.4975893246961426,,2025,16,Italian Grand Prix,Italy,Monza,-0.20902531357536655,-0.47167467570111193,-0.08959291055400508,10,4,9,17,5.0,1
63,RUS,Mercedes,George,Russell,,6.0,,,-0.4336980723414924,-0.4384681337550868,-0.49324708810008544,,2025,16,Italian Grand Prix,Italy,Monza,-0.20518058563860425,-0.48699890548912106,-0.13673002752347418,21,8,9,17,6.0,1
12,ANT,Mercedes,Kimi,Antonelli,,7.0,,,-0.40399656354219154,-0.44289026322910646,-0.4875890222324952,,2025,16,Italian Grand Prix,Italy,Monza,-0.20017078863009524,-0.47426683397371044,-0.10113168397882405,2,8,9,17,7.0,1
5,BOR,Kick Sauber,Gabriel,Bortoleto,,8.0,,,-0.4092589930291545,-0.4346777370630715,-0.46258826607337955,,2025,16,Italian Grand Prix,Italy,Monza,-0.18584043904761924,-0.46629975928293,-0.13169715826371356,4,6,9,17,8.0,1
14,ALO,Aston Martin,Fernando,Alonso,,9.0,,,-0.4119348046326953,-0.43057147398005324,-0.45811444655016853,,2025,16,Italian Grand Prix,Italy,Monza,-0.18129666966780925,-0.46466060037525825,-0.1395533444252926,1,1,9,17,9.0,1
22,TSU,Red Bull Racing,Yuki,Tsunoda,,10.0,,,-0.4154133597172982,-0.423095969393019,-0.4456140684706107,,2025,16,Italian Grand Prix,Italy,Monza,-0.17302467925841047,-0.45981936360143305,-0.15600223420109696,25,11,9,17,10.0,1
87,BEA,Haas F1 Team,Oliver,Bearman,,11.0,,,-0.4092589930291545,-0.42172721503201394,0.0,,2025,16,Italian Grand Prix,Italy,Monza,-0.1715100894651416,-0.32759777338828844,-0.5632429252871385,3,5,9,17,11.0,0
27,HUL,Kick Sauber,Nico,Hulkenberg,,12.0,,,-0.4013207519386508,-0.41625219758798915,0.0,,2025,16,Italian Grand Prix,Italy,Monza,-0.16545173029206106,-0.3222228569701065,-0.5523179164061941,11,6,9,17,12.0,0
55,SAI,Williams,Carlos,Sainz,,13.0,,,-0.41318351671434717,-0.41309353367797513,0.0,,2025,16,Italian Grand Prix,Italy,Monza,-0.1619565230768226,-0.32614921435360006,-0.5686440532732232,22,12,9,17,13.0,0
23,ALB,Williams,Alexander,Albon,,14.0,,,-0.3959691287315693,-0.4073026498429504,0.0,,2025,16,Italian Grand Prix,Italy,Monza,-0.15554864318221986,-0.3166954606535362,-0.5449527418797142,0,12,9,17,14.0,0
31,OCO,Haas F1 Team,Esteban,Ocon,,15.0,,,-0.3978421968540478,-0.3942468390148934,0.0,,2025,16,Italian Grand Prix,Italy,Monza,-0.1411017866925687,-0.31276910327004104,-0.5475305529639821,17,5,9,17,15.0,0
6,HAD,Racing Bulls,Isack,Hadjar,,16.0,,,-0.38883363112212777,1.4962437973119868e-15,0.0,,2025,16,Italian Grand Prix,Italy,Monza,-0.11663533618589954,-0.16618129753122118,-0.5351325091777417,9,10,9,17,16.0,0
18,STR,Aston Martin,Lance,Stroll,,17.0,,,-0.38606862579846984,1.4962437973119868e-15,0.0,,2025,16,Italian Grand Prix,Italy,Monza,-0.11302362206348757,-0.1649995783187128,-0.5313271690057283,24,1,9,17,17.0,0
43,COL,Alpine,Franco,Colapinto,,18.0,,,-0.38214410211327593,1.4962437973119868e-15,0.0,,2025,16,Italian Grand Prix,Italy,Monza,-0.1078973181478034,-0.16332229943644272,-0.5259260410196419,6,0,9,17,18.0,0
10,GAS,Alpine,Pierre,Gasly,,19.0,,,-0.3722435991801765,1.4962437973119868e-15,0.0,,2025,16,Italian Grand Prix,Italy,Monza,-0.09496505145142278,-0.1590909822561725,-0.512300468145656,8,0,9,17,19.0,0
30,LAW,Racing Bulls,Liam,Lawson,,20.0,,,-0.35654550443940464,1.4962437973119868e-15,0.0,,2025,16,Italian Grand Prix,Italy,Monza,-0.07445983578869107,-0.15238186672709383,-0.4906959562013158,12,10,9,17,20.0,0
1,VER,Red Bull Racing,Max,Verstappen,,1.0,,,1.5211606914851759,1.8745161587510994,2.396313992185108,,2025,17,Azerbaijan Grand Prix,Azerbaijan,Baku,2.3533110959158474,2.0230108218528082,-0.1420084026007853,26,11,2,1,1.0,1
55,SAI,Williams,Carlos,Sainz,,2.0,,,1.6374693025190754,1.9187374534912944,2.459210631364357,,2025,17,Azerbaijan Grand Prix,Azerbaijan,Baku,2.4090013975453104,2.1069510059154823,-0.04061449995291603,22,12,2,1,2.0,1
30,LAW,Racing Bulls,Liam,Lawson,,3.0,,,1.6037540763144635,1.9042075995052314,2.4739479192055196,,2025,17,Azerbaijan Grand Prix,Azerbaijan,Baku,2.402243996929184,2.09155053617828,-0.1007634252524983,12,10,2,1,3.0,1
12,ANT,Mercedes,Kimi,Antonelli,,4.0,,,1.6028621391132827,1.8965215173241967,2.4752637484770523,,2025,17,Azerbaijan Grand Prix,Azerbaijan,Baku,2.3937389927054364,2.0887677780326963,-0.10321848342799274,2,8,2,1,4.0,1
63,RUS,Mercedes,George,Russell,,5.0,,,1.5492567133223523,1.8955739181511926,2.5217125217621463,,2025,17,Azerbaijan Grand Prix,Azerbaijan,Baku,2.392690430540865,2.0789709445612576,-0.22032475839901663,21,8,2,1,5.0,1
22,TSU,Red Bull Racing,Yuki,Tsunoda,,6.0,,,1.6117815111250844,1.9306350875523468,2.5313180754443336,,2025,17,Azerbaijan Grand Prix,Azerbaijan,Baku,2.43148723063001,2.12116975644018,-0.14323593168853252,25,11,2,1,6.0,1
4,NOR,McLaren,Lando,Norris,,7.0,,,1.5203579480041136,1.8893618791281654,2.5439500364510454,,2025,17,Azerbaijan Grand Prix,Azerbaijan,Baku,2.3771950118866423,2.070813269997492,-0.2808419424249246,16,7,2,1,7.0,1
6,HAD,Racing Bulls,Isack,Hadjar,,8.0,,,1.550148650523533,1.9157893671752824,2.561450565762426,,2025,17,Azerbaijan Grand Prix,Azerbaijan,Baku,2.415059756718391,2.0981834117581655,-0.25616860776121725,9,10,2,1,8.0,1
81,PIA,McLaren,Oscar,Piastri,,9.0,,,1.56647110130513,1.891257077474174,0.0,,2025,17,Azerbaijan Grand Prix,Azerbaijan,Baku,0.23155306933243747,1.354217385858404,2.1558567569803326,19,7,2,1,9.0,0
16,LEC,Ferrari,Charles,Leclerc,,10.0,,,1.532488293940164,1.902312401159223,0.0,,2025,17,Azerbaijan Grand Prix,Azerbaijan,Baku,0.23155306933243747,1.3436962728696233,2.1090878987371875,13,4,2,1,10.0,0
14,ALO,Aston Martin,Fernando,Alonso,,11.0,,,1.599651165189034,1.937900014545379,0.0,,2025,17,Azerbaijan Grand Prix,Azerbaijan,Baku,0.23155306933243747,1.3852851651549902,2.2015208390445054,1,1,2,1,11.0,0
44,HAM,Ferrari,Lewis,Hamilton,,12.0,,,1.5648656143430055,1.972224162367531,0.0,,2025,17,Azerbaijan Grand Prix,Azerbaijan,Baku,0.23155306933243747,1.3828454867807802,2.1536472046223887,10,4,2,1,12.0,0
5,BOR,Kick Sauber,Gabriel,Bortoleto,,13.0,,,1.62640928122444,1.982121309285574,0.0,,2025,17,Azerbaijan Grand Prix,Azerbaijan,Baku,0.23155306933243747,1.4127315468648582,2.238346711676903,4,6,2,1,13.0,0
18,STR,Aston Martin,Lance,Stroll,,14.0,,,1.5898398559760516,2.0646677261339383,0.0,,2025,17,Azerbaijan Grand Prix,Azerbaijan,Baku,0.23155306933243747,1.426988417364149,2.1880180190792933,24,1,2,1,14.0,0
87,BEA,Haas F1 Team,Oliver,Bearman,,15.0,,,1.6402343078427333,1.4962437973119868e-15,0.0,,2025,17,Azerbaijan Grand Prix,Azerbaijan,Baku,0.23155306933243747,0.7010100045767829,2.257373412536975,3,5,2,1,15.0,0
43,COL,Alpine,Franco,Colapinto,,16.0,,,1.6503131982160697,1.4962437973119868e-15,0.0,,2025,17,Azerbaijan Grand Prix,Azerbaijan,Baku,0.23155306933243747,0.7053175617062497,2.2712444912285115,6,0,2,1,16.0,0
27,HUL,Kick Sauber,Nico,Hulkenberg,,17.0,,,1.6625327378722385,1.4962437973119868e-15,0.0,,2025,17,Azerbaijan Grand Prix,Azerbaijan,Baku,0.23155306933243747,0.7105399982260416,2.28806163973064,11,6,2,1,17.0,0
10,GAS,Alpine,Pierre,Gasly,,18.0,,,1.6824229374585573,1.4962437973119868e-15,0.0,,2025,17,Azerbaijan Grand Prix,Azerbaijan,Baku,0.23155306933243747,0.719040752561182,2.315435538387389,8,0,2,1,18.0,0
23,ALB,Williams,Alexander,Albon,,19.0,,,1.7394177246139735,1.4962437973119868e-15,0.0,,2025,17,Azerbaijan Grand Prix,Azerbaijan,Baku,0.23155306933243747,0.7433994163286882,2.393874647094397,0,12,2,1,19.0,0
31,OCO,Haas F1 Team,Esteban,Ocon,,20.0,,,-1.2675189981055877e-15,1.4962437973119868e-15,0.0,,2025,17,Azerbaijan Grand Prix,Azerbaijan,Baku,0.23155306933243747,0.0,-4.633625592485486e-16,17,5,2,1,20.0,0
63,RUS,Mercedes,George,Russell,,1.0,,,0.5040847009793809,0.6433742554246772,0.8227137663594876,,2025,18,Singapore Grand Prix,Singapore,Marina Bay,0.9600049930146778,0.6867151123536613,-0.07375778532207522,21,8,16,9,1.0,1
1,VER,Red Bull Racing,Max,Verstappen,,2.0,,,0.5130040729911838,0.6444271433946823,0.8466618591013779,,2025,18,Singapore Grand Prix,Singapore,Marina Bay,0.9812092501204571,0.6978461449359985,-0.08382352384159647,26,11,16,9,2.0,1
81,PIA,McLaren,Oscar,Piastri,,3.0,,,0.5384242832248194,0.6698017434717941,0.8708731176975741,,2025,18,Singapore Grand Prix,Singapore,Marina Bay,1.0026465210405853,0.7249113268998916,-0.07142548005535602,19,7,16,9,3.0,1
12,ANT,Mercedes,Kimi,Antonelli,,4.0,,,0.5137176227521275,0.6525343807637178,0.8725836957505669,,2025,18,Singapore Grand Prix,Singapore,Marina Bay,1.0041611108338557,0.708595977772359,-0.1070238236000079,2,8,16,9,4.0,1
4,NOR,McLaren,Lando,Norris,,5.0,,,0.5044414758598533,0.6693805882837918,0.8790312591810747,,2025,18,Singapore Grand Prix,Singapore,Marina Bay,1.0098699492854109,0.7125985751050492,-0.1258050186425297,16,7,16,9,5.0,1
44,HAM,Ferrari,Lewis,Hamilton,,6.0,,,0.48954612460014374,0.6827522655028516,0.892452717750706,,2025,18,Singapore Grand Prix,Singapore,Marina Bay,1.0217536538172216,0.714962013530066,-0.15882555110291363,10,4,16,9,6.0,1
16,LEC,Ferrari,Charles,Leclerc,,7.0,,,0.5435083252715468,0.6804359119688408,0.9050846787574176,,2025,18,Singapore Grand Prix,Singapore,Marina Bay,1.0329383169059845,0.7408454762814539,-0.09634432053661217,13,4,16,9,7.0,1
6,HAD,Racing Bulls,Isack,Hadjar,,8.0,,,0.529594104933135,0.6911753692628886,0.9132428202409183,,2025,18,Singapore Grand Prix,Singapore,Marina Bay,1.0401617451508103,0.7411504360782306,-0.12310445464948826,9,10,16,9,8.0,1
87,BEA,Haas F1 Team,Oliver,Bearman,,9.0,,,0.5479680112774477,0.6974926970829152,0.9161376446382885,,2025,18,Singapore Grand Prix,Singapore,Marina Bay,1.0427248971086507,0.7521289887621762,-0.10051791943494956,3,5,16,9,9.0,1
14,ALO,Aston Martin,Fernando,Alonso,,10.0,,,0.5769559703158047,0.6951763435489058,0.927585359300621,,2025,18,Singapore Grand Prix,Singapore,Marina Bay,1.052860998032842,0.7669957788550219,-0.07130272714658077,1,1,16,9,10.0,1
27,HUL,Kick Sauber,Nico,Hulkenberg,,11.0,,,0.574280158712264,0.7043364688879465,0.0,,2025,18,Singapore Grand Prix,Singapore,Marina Bay,0.23155306933243747,0.5004443148085571,0.7903533997710264,11,6,16,9,11.0,0
30,LAW,Racing Bulls,Liam,Lawson,,12.0,,,0.5712475722282507,0.7231831635510283,0.0,,2025,18,Singapore Grand Prix,Singapore,Marina Bay,0.23155306933243747,0.5059717111251274,0.7861798008726872,12,10,16,9,12.0,0
22,TSU,Red Bull Racing,Yuki,Tsunoda,,13.0,,,0.5617038441756226,0.7266576938520437,0.0,,2025,18,Singapore Grand Prix,Singapore,Marina Bay,0.23155306933243747,0.5031508330049456,0.7730452396337988,25,11,16,9,13.0,0
5,BOR,Kick Sauber,Gabriel,Bortoleto,,14.0,,,0.5836454993246553,1.4962437973119868e-15,0.0,,2025,18,Singapore Grand Prix,Singapore,Marina Bay,0.23155306933243747,0.24944078550027748,0.8032424551923643,4,6,16,9,14.0,0
18,STR,Aston Martin,Lance,Stroll,,15.0,,,0.5951514892198805,1.4962437973119868e-15,0.0,,2025,18,Singapore Grand Prix,Singapore,Marina Bay,0.23155306933243747,0.25435826222329605,0.8190775804242959,24,1,16,9,15.0,0
43,COL,Alpine,Franco,Colapinto,,16.0,,,0.5980948819837753,1.4962437973119868e-15,0.0,,2025,18,Singapore Grand Prix,Singapore,Marina Bay,0.23155306933243747,0.2556162213849978,0.8231284264138597,6,0,16,9,16.0,0
31,OCO,Haas F1 Team,Esteban,Ocon,,17.0,,,0.5987192380246018,1.4962437973119868e-15,0.0,,2025,18,Singapore Grand Prix,Singapore,Marina Bay,0.23155306933243747,0.25588306120717774,0.823987696775283,17,5,16,9,17.0,0
10,GAS,Alpine,Pierre,Gasly,,18.0,,,0.6229799298967028,1.4962437973119868e-15,0.0,,2025,18,Singapore Grand Prix,Singapore,Marina Bay,0.23155306933243747,0.2662516942975716,0.8573764879619892,8,0,16,9,18.0,0
23,ALB,Williams,Alexander,Albon,,19.0,,,-1.2675189981055877e-15,1.4962437973119868e-15,0.0,,2025,18,Singapore Grand Prix,Singapore,Marina Bay,0.23155306933243747,0.0,-4.633625592485486e-16,0,12,16,9,19.0,0
55,SAI,Williams,Carlos,Sainz,,20.0,,,-1.2675189981055877e-15,1.4962437973119868e-15,0.0,,2025,18,Singapore Grand Prix,Singapore,Marina Bay,0.23155306933243747,0.0,-4.633625592485486e-16,22,12,16,9,20.0,0
1,VER,Red Bull Racing,Max,Verstappen,,1.0,,,0.7965509092463716,0.9738757892091324,1.263779738177155,,2025,19,United States Grand Prix,United States,Austin,1.3505361458639733,1.0591472641667161,-0.08271874766262624,26,11,20,0,1.0,1
4,NOR,McLaren,Lando,Norris,,2.0,,,0.8532781152414339,0.9923013286842148,1.302070369978748,,2025,19,United States Grand Prix,United States,Austin,1.3844396558517846,1.1011554761726516,-0.040368994135367285,16,7,20,0,2.0,1
16,LEC,Ferrari,Charles,Leclerc,,3.0,,,0.8249145122439034,0.991564307105211,1.3028598675416674,,2025,19,United States Grand Prix,United States,Austin,1.3851386972948323,1.0889952042761977,-0.08014093657835657,13,4,20,0,3.0,1
63,RUS,Mercedes,George,Russell,,4.0,,,0.805827056138647,1.0114638897382995,1.305359943157578,,2025,19,United States Grand Prix,United States,Austin,1.3873523285311489,1.088766484428616,-0.10874236432285087,21,8,20,0,4.0,1
44,HAM,Ferrari,Lewis,Hamilton,,5.0,,,0.8391855074627865,0.996302302970232,1.3166760748927584,,2025,19,United States Grand Prix,United States,Austin,1.397371922548167,1.1008123964012766,-0.07338952659575122,10,4,20,0,5.0,1
81,PIA,McLaren,Oscar,Piastri,,6.0,,,0.8446263243899852,1.029362985228377,1.3393083383631157,,2025,19,United States Grand Prix,United States,Austin,1.4174111105821996,1.1216640225058576,-0.08701509946973889,19,7,20,0,6.0,1
12,ANT,Mercedes,Kimi,Antonelli,,7.0,,,0.8227738629610708,1.009989846580292,1.343255826177713,,2025,19,United States Grand Prix,United States,Austin,1.4127508342952144,1.10645415264164,-0.12077214938276906,2,8,20,0,7.0,1
87,BEA,Haas F1 Team,Oliver,Bearman,,8.0,,,0.8602352254106399,1.0304158731983821,1.346545399356543,,2025,19,United States Grand Prix,United States,Austin,1.4238189904768022,1.1308128164091464,-0.07228475041677751,3,5,20,0,8.0,1
55,SAI,Williams,Carlos,Sainz,,9.0,,,0.8440019683491599,1.0184129503403287,1.34799281155523,,2025,19,United States Grand Prix,United States,Austin,1.422071386869183,1.1199486236489924,-0.09597606181028817,22,12,20,0,9.0,1
14,ALO,Aston Martin,Fernando,Alonso,,10.0,,,0.8441803557893954,1.0303105844013811,1.3493086408267612,,2025,19,United States Grand Prix,United States,Austin,1.4262656355274692,1.1247136204736226,-0.0969580850804849,1,1,20,0,10.0,1
27,HUL,Kick Sauber,Nico,Hulkenberg,,11.0,,,0.8272335489669717,1.040523597710427,0.0,,2025,19,United States Grand Prix,United States,Austin,0.23155306933243747,0.7302696416540966,1.1384806490559591,11,6,20,0,11.0,0
30,LAW,Racing Bulls,Liam,Lawson,,12.0,,,0.827055161526736,1.0432611064324386,0.0,,2025,19,United States Grand Prix,United States,Austin,0.23155306933243747,0.731184521044425,1.1382351432384104,12,10,20,0,12.0,0
22,TSU,Red Bull Racing,Yuki,Tsunoda,,13.0,,,0.8614839374922918,1.0544217189144873,0.0,,2025,19,United States Grand Prix,United States,Austin,0.23155306933243747,0.7499395485461676,1.1856177660254281,25,11,20,0,13.0,0
10,GAS,Alpine,Pierre,Gasly,,14.0,,,0.8315148475326368,1.0739001463595732,0.0,,2025,19,United States Grand Prix,United States,Austin,0.23155306933243747,0.7441834323820156,1.1443727886771429,8,0,20,0,14.0,0
43,COL,Alpine,Franco,Colapinto,,15.0,,,0.8707600843845659,1.1152786435807556,0.0,,2025,19,United States Grand Prix,United States,Austin,0.23155306933243747,0.7759373712213488,1.1983840685379925,6,0,20,0,15.0,0
5,BOR,Kick Sauber,Gabriel,Bortoleto,,16.0,,,0.8784307443147156,1.4962437973119868e-15,0.0,,2025,19,United States Grand Prix,United States,Austin,0.23155306933243747,0.3754273015434886,1.2089408186926132,4,6,20,0,16.0,0
31,OCO,Haas F1 Team,Esteban,Ocon,,17.0,,,0.8794118752360134,1.4962437973119868e-15,0.0,,2025,19,United States Grand Prix,United States,Austin,0.23155306933243747,0.37584662126405366,1.210291100689134,17,5,20,0,17.0,0
18,STR,Aston Martin,Lance,Stroll,,18.0,,,0.9154461381636949,1.4962437973119868e-15,0.0,,2025,19,United States Grand Prix,United States,Austin,0.23155306933243747,0.3912470910012577,1.2598832758340974,24,1,20,0,18.0,0
23,ALB,Williams,Alexander,Albon,,19.0,,,0.9288251961813973,1.4962437973119868e-15,0.0,,2025,19,United States Grand Prix,United States,Austin,0.23155306933243747,0.39696508719081136,1.2782962121502952,0,12,20,0,19.0,0
6,HAD,Racing Bulls,Isack,Hadjar,,20.0,,,-1.2675189981055877e-15,1.4962437973119868e-15,0.0,,2025,19,United States Grand Prix,United States,Austin,0.23155306933243747,0.0,-4.633625592485486e-16,9,10,20,0,20.0,0
4,NOR,McLaren,Lando,Norris,,1.0,,,-0.6580202784383155,-0.7580196326514954,-0.963129720964312,,2025,20,Mexico City Grand Prix,Mexico,Mexico City,-0.6212267511591387,-0.834691193788698,-0.007102955857434597,16,7,11,11,1.0,1
16,LEC,Ferrari,Charles,Leclerc,,2.0,,,-0.6468710634235628,-0.7152723810693066,-0.9286549940501626,,2025,20,Mexico City Grand Prix,Mexico,Mexico City,-0.5907019414793907,-0.8044620539332482,-0.023920104359562936,13,4,11,11,2.0,1
44,HAM,Ferrari,Lewis,Hamilton,,3.0,,,-0.6725588548175526,-0.7363301404693996,-0.9168125306063704,,2025,20,Mexico City Grand Prix,Mexico,Mexico City,-0.5802163198336754,-0.819633803822869,-0.07032070387638405,10,4,11,11,3.0,1
63,RUS,Mercedes,George,Russell,,4.0,,,-0.6583770533187879,-0.7280123255063621,-0.9041805695996586,,2025,20,Mexico City Grand Prix,Mexico,Mexico City,-0.5690316567449123,-0.8069017323074583,-0.06258727062358198,21,8,11,11,4.0,1
1,VER,Red Bull Racing,Max,Verstappen,,5.0,,,-0.6422329899774264,-0.7208526873103308,-0.8994435842221437,,2025,20,Mexico City Grand Prix,Mexico,Mexico City,-0.5648374080866279,-0.7960375395473045,-0.044788098851255176,26,11,11,11,5.0,1
12,ANT,Mercedes,Kimi,Antonelli,,6.0,,,-0.6230563401520516,-0.7031641694142537,-0.8931276037187879,,2025,20,Mexico City Grand Prix,Mexico,Mexico City,-0.5592450765422463,-0.7796078304959804,-0.024288363085886926,2,8,11,11,6.0,1
55,SAI,Williams,Carlos,Sainz,,7.0,,,-0.6337595865662132,-0.7206421097163304,-0.8860221256525125,,2025,20,Mexico City Grand Prix,Mexico,Mexico City,-0.5529537035548171,-0.7884516646024925,-0.045647369212676654,22,12,11,11,7.0,1
81,PIA,McLaren,Oscar,Piastri,,8.0,,,-0.634919104927748,-0.7069545661062706,-0.8857589597982047,,2025,20,Mexico City Grand Prix,Mexico,Mexico City,-0.5527206897404667,-0.7839153876254455,-0.047488662844298354,19,7,11,11,8.0,1
6,HAD,Racing Bulls,Isack,Hadjar,,9.0,,,-0.6728264359779067,-0.6999002167072387,-0.8754954914802534,,2025,20,Mexico City Grand Prix,Mexico,Mexico City,-0.5436331509808484,-0.7945889805126161,-0.1092333759579501,9,10,11,11,9.0,1
87,BEA,Haas F1 Team,Oliver,Bearman,,10.0,,,-0.645443963901674,-0.7016901262562462,-0.8481262426323792,,2025,20,Mexico City Grand Prix,Mexico,Mexico City,-0.5193997142885296,-0.7756052331632918,-0.0970808379892584,3,5,11,11,10.0,1
22,TSU,Red Bull Racing,Yuki,Tsunoda,,11.0,,,-0.628140382198779,-0.6986367511432331,0.0,,2025,20,Mexico City Grand Prix,Mexico,Mexico City,-0.47792325533436714,-0.5213997242396262,-0.8644785634201526,25,11,11,11,11.0,0
31,OCO,Haas F1 Team,Esteban,Ocon,,12.0,,,-0.6536497861525331,-0.6964256864062233,0.0,,2025,20,Mexico City Grand Prix,Mexico,Mexico City,-0.47547661028370025,-0.5315015175078417,-0.8995858953297053,17,5,11,11,12.0,0
27,HUL,Kick Sauber,Nico,Hulkenberg,,13.0,,,-0.6266240889567717,-0.6775789917431401,0.0,,2025,20,Mexico City Grand Prix,Mexico,Mexico City,-0.4546218738994447,-0.5131276897520708,-0.8623917639709823,11,6,11,11,13.0,0
14,ALO,Aston Martin,Fernando,Alonso,,14.0,,,-0.6283187696390146,-0.6684188664041009,0.0,,2025,20,Mexico City Grand Prix,Mexico,Mexico City,-0.4444857729752548,-0.5105355314794723,-0.8647240692377014,1,1,11,11,14.0,0
30,LAW,Racing Bulls,Liam,Lawson,,15.0,,,-0.6524902677909984,-0.5663940221106506,0.0,,2025,20,Mexico City Grand Prix,Mexico,Mexico City,-0.4610297537940491,-0.48392778921073937,-0.8979901075156341,12,10,11,11,15.0,0
5,BOR,Kick Sauber,Gabriel,Bortoleto,,16.0,,,-0.6122639000177702,1.4962437973119868e-15,0.0,,2025,20,Mexico City Grand Prix,Mexico,Mexico City,-0.4084851386582988,-0.2616718338967992,-0.842628545658262,4,6,11,11,16.0,0
23,ALB,Williams,Alexander,Albon,,17.0,,,-0.6053067898485656,1.4962437973119868e-15,0.0,,2025,20,Mexico City Grand Prix,Mexico,Mexico City,-0.39939759989868046,-0.2586984758782307,-0.8330538187738399,0,12,11,11,17.0,0
10,GAS,Alpine,Pierre,Gasly,,18.0,,,-0.6003119415219553,1.4962437973119868e-15,0.0,,2025,20,Mexico City Grand Prix,Mexico,Mexico City,-0.3928732130969009,-0.2565637573007956,-0.8261796558824576,8,0,11,11,18.0,0
18,STR,Aston Martin,Lance,Stroll,,19.0,,,-0.5949603183148752,1.4962437973119868e-15,0.0,,2025,20,Mexico City Grand Prix,Mexico,Mexico City,-0.38588279866642566,-0.25427655882497385,-0.8188144813559796,24,1,11,11,19.0,0
43,COL,Alpine,Franco,Colapinto,,20.0,,,-0.5892519202273211,1.4962437973119868e-15,0.0,,2025,20,Mexico City Grand Prix,Mexico,Mexico City,-0.3784263566072497,-0.2518368804507637,-0.8109582951944004,6,0,11,11,20.0,0
4,NOR,McLaren,Lando,Norris,,1.0,,,-1.3040503932531418,-1.4567160895465723,-1.762496003420257,,2025,21,São Paulo Grand Prix,Brazil,São Paulo,-1.329006212244899,-1.5953371668979852,-0.15047835330623535,16,7,5,24,1.0,1
12,ANT,Mercedes,Kimi,Antonelli,,2.0,,,-1.2562425592698836,-1.440080459620499,-1.7396005740955922,,2025,21,São Paulo Grand Prix,Brazil,São Paulo,-1.308734010396516,-1.5622490289477553,-0.10604180032981117,2,8,5,24,2.0,1
16,LEC,Ferrari,Charles,Leclerc,,3.0,,,-1.2792545390603325,-1.4372376621014864,-1.7238106228372025,,2025,21,São Paulo Grand Prix,Brazil,São Paulo,-1.2952192091642611,-1.5664803461280254,-0.1524423998466323,13,4,5,24,3.0,1
81,PIA,McLaren,Oscar,Piastri,,4.0,,,-1.2797897013810406,-1.4336578430034714,-1.7131524057377914,,2025,21,São Paulo Grand Prix,Brazil,São Paulo,-1.2912579743203254,-1.5623252688969502,-0.1631219029100263,19,7,5,24,4.0,1
6,HAD,Racing Bulls,Isack,Hadjar,,5.0,,,-1.2659646747627473,-1.4194438554084083,-1.7072311740158952,,2025,21,São Paulo Grand Prix,Brazil,São Paulo,-1.2800733112315623,-1.5495550774069429,-0.14961908294481385,9,10,5,24,5.0,1
63,RUS,Mercedes,George,Russell,,6.0,,,-1.279165345340214,-1.4289198471384503,-1.7057837618172103,,2025,21,São Paulo Grand Prix,Brazil,São Paulo,-1.2860151634974677,-1.5582083116404701,-0.16913679543998364,21,8,5,24,6.0,1
30,LAW,Racing Bulls,Liam,Lawson,,7.0,,,-1.2637348317597963,-1.421549631348417,-1.703152103274144,,2025,21,São Paulo Grand Prix,Brazil,São Paulo,-1.277859679995244,-1.5481827583214496,-0.15035560039746185,12,10,5,24,7.0,1
87,BEA,Haas F1 Team,Oliver,Bearman,,8.0,,,-1.283089869025407,-1.4420809467635083,-1.7011783593668452,,2025,21,São Paulo Grand Prix,Brazil,São Paulo,-1.300578526894294,-1.563316388236472,-0.17883427523318265,3,5,5,24,8.0,1
10,GAS,Alpine,Pierre,Gasly,,9.0,,,-1.2836250313461148,-1.4313414894694607,-1.6978887861880154,,2025,21,São Paulo Grand Prix,Brazil,São Paulo,-1.2886948223624832,-1.5587038713102301,-0.18263961540519605,8,0,5,24,9.0,1
27,HUL,Kick Sauber,Nico,Hulkenberg,,10.0,,,-1.2433094698527696,-1.4178645234534013,-1.6930202178833447,,2025,21,São Paulo Grand Prix,Brazil,São Paulo,-1.273781938244133,-1.535183846983859,-0.13169715826371356,11,6,5,24,10.0,1
14,ALO,Aston Martin,Fernando,Alonso,,11.0,,,-1.2572236901911813,-1.4161799027013933,0.0,,2025,21,São Paulo Grand Prix,Brazil,São Paulo,-1.2719178277293386,-1.050047531951342,-1.7302548290078221,1,1,5,24,11.0,0
23,ALB,Williams,Alexander,Albon,,12.0,,,-1.263110475718971,-1.41070488525737,0.0,,2025,21,São Paulo Grand Prix,Brazil,São Paulo,-1.2658594685562599,-1.0505812115957005,-1.73835652098695,0,12,5,24,12.0,0
44,HAM,Ferrari,Lewis,Hamilton,,13.0,,,-1.2719406540106541,-1.4057563117983485,0.0,,2025,21,São Paulo Grand Prix,Brazil,São Paulo,-1.2701702241217194,-1.0525634502747472,-1.75050905895564,10,4,5,24,13.0,0
18,STR,Aston Martin,Lance,Stroll,,14.0,,,-1.2697108110077044,-1.3993336951813193,0.0,,2025,21,São Paulo Grand Prix,Brazil,São Paulo,-1.2672575514423552,-1.049285132459402,-1.7474402362362746,24,1,5,24,14.0,0
55,SAI,Williams,Carlos,Sainz,,15.0,,,-1.2569561090308272,-1.366588879314176,0.0,,2025,21,São Paulo Grand Prix,Brazil,São Paulo,-1.2505970637163857,-1.031978663992346,-1.7298865702814983,22,12,5,24,15.0,0
1,VER,Red Bull Racing,Max,Verstappen,,16.0,,,-1.23742268432498,1.4962437973119868e-15,0.0,,2025,21,São Paulo Grand Prix,Brazil,São Paulo,-1.225082051045145,-0.5288547358474356,-1.703003683259847,26,11,5,24,16.0,0
31,OCO,Haas F1 Team,Esteban,Ocon,,17.0,,,-1.2343009041208495,1.4962437973119868e-15,0.0,,2025,21,São Paulo Grand Prix,Brazil,São Paulo,-1.2210043092940341,-0.5275205367365372,-1.6987073314527343,17,5,5,24,17.0,0
43,COL,Alpine,Franco,Colapinto,,18.0,,,-1.216997322417953,1.4962437973119868e-15,0.0,,2025,21,São Paulo Grand Prix,Brazil,São Paulo,-1.1984019693021593,-0.5201252616647135,-1.6748932671504502,6,0,5,24,18.0,0
22,TSU,Red Bull Racing,Yuki,Tsunoda,,19.0,,,-1.2099510185286302,1.4962437973119868e-15,0.0,,2025,21,São Paulo Grand Prix,Brazil,São Paulo,-1.1891979236353658,-0.5171137836715483,-1.6651957873572527,25,11,5,24,19.0,0
5,BOR,Kick Sauber,Gabriel,Bortoleto,,,,,-1.2675189981055877e-15,1.4962437973119868e-15,0.0,,2025,21,São Paulo Grand Prix,Brazil,São Paulo,0.23155306933243747,0.0,-4.633625592485486e-16,4,6,5,24,,0
4,NOR,McLaren,Lando,Norris,,1.0,,,2.7825382813942294,2.9404599395837954,3.293314806588757,,2025,22,Las Vegas Grand Prix,United States,Las Vegas,3.1475386821251674,3.2078939922525214,0.7571566541735922,16,7,20,6,1.0,1
1,VER,Red Bull Racing,Max,Verstappen,,2.0,,,2.602812935356417,2.9629917421418943,3.3358160920592552,,2025,22,Las Vegas Grand Prix,United States,Las Vegas,3.1851704131425675,3.1515526697981002,0.4701603534584385,26,11,20,6,2.0,1
55,SAI,Williams,Carlos,Sainz,,3.0,,,2.7290220493234174,2.9157170722886865,3.340947826218232,,2025,22,Las Vegas Grand Prix,United States,Las Vegas,3.1897141825223776,3.189863244268122,0.6390683559323699,22,12,20,6,3.0,1
63,RUS,Mercedes,George,Russell,,4.0,,,2.574806107239359,2.893711713715589,3.4076603702849244,,2025,22,Las Vegas Grand Prix,United States,Las Vegas,3.248783184459904,3.1353135606197626,0.36459285191223356,21,8,20,6,4.0,1
81,PIA,McLaren,Oscar,Piastri,,5.0,,,2.6996773154045877,3.019110670943142,3.428450472775137,,2025,22,Las Vegas Grand Prix,United States,Las Vegas,3.267191275793493,3.2401053707870195,0.5170519646103588,19,7,20,6,5.0,1
30,LAW,Racing Bulls,Liam,Lawson,,6.0,,,2.725008331918106,2.9659398284579064,3.441740348417614,,2025,22,Las Vegas Grand Prix,United States,Las Vegas,3.2789584734181285,3.2355309738353744,0.5395157469161223,12,10,20,6,6.0,1
14,ALO,Aston Martin,Fernando,Alonso,,7.0,,,2.6278763707095814,2.99163029492602,3.4948998509875233,,2025,22,Las Vegas Grand Prix,United States,Las Vegas,3.3260272639166706,3.21872006503808,0.35624565411555703,1,1,20,6,7.0,1
6,HAD,Racing Bulls,Isack,Hadjar,,8.0,,,2.7950254022107526,2.9131901411606753,3.50647914857701,,2025,22,Las Vegas Grand Prix,United States,Las Vegas,3.3362798717480375,3.265112074122676,0.5754823491870964,9,10,20,6,8.0,1
16,LEC,Ferrari,Charles,Leclerc,,9.0,,,2.723759619836453,3.0007904202650604,3.5483225194117405,,2025,22,Las Vegas Grand Prix,United States,Las Vegas,3.3733290682295634,3.2784921852062348,0.4383673500858018,13,4,20,6,9.0,1
10,GAS,Alpine,Pierre,Gasly,,10.0,,,2.68968761875137,2.980574971240972,3.767802841903349,,2025,22,Las Vegas Grand Prix,United States,Las Vegas,3.567662589396815,3.320195437415395,0.18672388709775117,8,0,20,6,10.0,1
27,HUL,Kick Sauber,Nico,Hulkenberg,,11.0,,,2.7006584463258867,3.0880748329784455,0.0,,2025,22,Las Vegas Grand Prix,United States,Las Vegas,0.23155306933243747,2.272260734078857,3.716782744958897,11,6,20,6,11.0,0
18,STR,Aston Martin,Lance,Stroll,,12.0,,,2.688260519229481,3.0953397599714765,0.0,,2025,22,Las Vegas Grand Prix,United States,Las Vegas,0.23155306933243747,2.269592335857065,3.6997200906392185,24,1,20,6,12.0,0
31,OCO,Haas F1 Team,Esteban,Ocon,,13.0,,,2.7077939439353282,3.10976432516054,0.0,,2025,22,Las Vegas Grand Prix,United States,Las Vegas,0.23155306933243747,2.283163046813611,3.72660297766087,17,5,20,6,13.0,0
87,BEA,Haas F1 Team,Oliver,Bearman,,14.0,,,2.8309704714183157,3.1210302264395895,0.0,,2025,22,Las Vegas Grand Prix,United States,Las Vegas,0.23155306933243747,2.339885569014002,3.8961247446786738,3,5,20,6,14.0,0
43,COL,Alpine,Franco,Colapinto,,15.0,,,2.726703012600348,3.183045327872864,0.0,,2025,22,Las Vegas Grand Prix,United States,Las Vegas,0.23155306933243747,2.3177759837477208,3.752626594321096,6,0,20,6,15.0,0
23,ALB,Williams,Alexander,Albon,,16.0,,,2.8491659903223914,1.4962437973119868e-15,0.0,,2025,22,Las Vegas Grand Prix,United States,Las Vegas,0.23155306933243747,1.2176881402650281,3.9211663380687036,0,12,20,6,16.0,0
12,ANT,Mercedes,Kimi,Antonelli,,17.0,,,2.8575502000134847,1.4962437973119868e-15,0.0,,2025,22,Las Vegas Grand Prix,United States,Las Vegas,0.23155306933243747,1.22127141787715,3.93270511149352,2,8,20,6,17.0,0
5,BOR,Kick Sauber,Gabriel,Bortoleto,,18.0,,,2.8896599392559734,1.4962437973119868e-15,0.0,,2025,22,Las Vegas Grand Prix,United States,Las Vegas,0.23155306933243747,1.234994608732084,3.976896158652399,4,6,20,6,18.0,0
22,TSU,Red Bull Racing,Yuki,Tsunoda,,19.0,,,2.9007199605506075,1.4962437973119868e-15,0.0,,2025,22,Las Vegas Grand Prix,United States,Las Vegas,0.23155306933243747,1.2397214855821175,3.9921175193404563,25,11,20,6,19.0,0
44,HAM,Ferrari,Lewis,Hamilton,,20.0,,,2.9289943698280196,1.4962437973119868e-15,0.0,,2025,22,Las Vegas Grand Prix,United States,Las Vegas,0.23155306933243747,1.2518055175293765,4.031030191422023,10,4,20,6,20.0,0
81,PIA,McLaren,Oscar,Piastri,,1.0,,,-0.3605592218447157,-0.4002483004439185,-0.4629830148548393,,2025,23,Qatar Grand Prix,Qatar,Lusail,-0.17838399698844334,-0.43313538138350677,-0.0643058113464267,19,7,14,7,1.0,1
4,NOR,McLaren,Lando,Norris,,2.0,,,-0.3674271382938032,-0.37803236427682085,-0.4487720587222886,,2025,23,Qatar Grand Prix,Qatar,Lusail,-0.1658012510135849,-0.42391034753102463,-0.08701509946973889,16,7,14,7,2.0,1
1,VER,Red Bull Racing,Max,Verstappen,,3.0,,,-0.3393311164566267,-0.36497655344876384,-0.428245122086384,,2025,23,Qatar Grand Prix,Qatar,Lusail,-0.1476261734943466,-0.40122896264578684,-0.06749738697456736,26,11,14,7,3.0,1
63,RUS,Mercedes,George,Russell,,4.0,,,-0.3748302170635988,-0.3438135052516698,-0.426797709887697,,2025,23,Qatar Grand Prix,Qatar,Lusail,-0.14634459751542472,-0.40831927792083555,-0.11770332666340363,21,8,14,7,4.0,1
12,ANT,Mercedes,Kimi,Antonelli,,5.0,,,-0.3300549695643526,-0.35455296254571755,-0.40258645129150084,,2025,23,Qatar Grand Prix,Qatar,Lusail,-0.12490732659529666,-0.3860572127561661,-0.07866790167306234,2,8,14,7,5.0,1
6,HAD,Racing Bulls,Isack,Hadjar,,6.0,,,-0.327646739121166,-0.3265461425435951,-0.3673222268144319,,2025,23,Qatar Grand Prix,Qatar,Lusail,-0.09368347547250092,-0.3646719070072284,-0.10825135268775511,9,10,14,7,6.0,1
55,SAI,Williams,Carlos,Sainz,,7.0,,,-0.33504981789096155,-0.33696973344663994,-0.34455838041692083,,2025,23,Qatar Grand Prix,Qatar,Lusail,-0.0777220291895792,-0.3650149867786001,-0.13967609733406786,22,12,14,7,7.0,1
14,ALO,Aston Martin,Fernando,Alonso,,8.0,,,-0.32809270772175564,-0.3403389749506559,-0.32732101695984606,,2025,23,Qatar Grand Prix,Qatar,Lusail,-0.08145025021916798,-0.3582677512749248,-0.14618200149912444,1,1,14,7,8.0,1
10,GAS,Alpine,Pierre,Gasly,,9.0,,,-0.32068962895196007,-0.32928365126560677,-0.31955762425780515,,2025,23,Qatar Grand Prix,Qatar,Lusail,-0.0692170249658334,-0.3488521175494576,-0.14323593168853252,8,0,14,7,9.0,1
16,LEC,Ferrari,Charles,Leclerc,,10.0,,,-0.3311252942057689,-0.3272831641225974,-0.3085046583769324,,2025,23,Qatar Grand Prix,Qatar,Lusail,-0.06700339372951516,-0.34938579719381596,-0.1679092663522399,13,4,14,7,10.0,1
27,HUL,Kick Sauber,Nico,Hulkenberg,,11.0,,,-0.3252385086779793,-0.3262302761525937,0.0,,2025,23,Qatar Grand Prix,Qatar,Lusail,-0.06583832465777012,-0.25711394035836665,-0.4476096852214106,11,6,14,7,11.0,0
30,LAW,Racing Bulls,Liam,Lawson,,12.0,,,-0.3333551372087187,-0.3178071723925553,0.0,,2025,23,Qatar Grand Prix,Qatar,Lusail,-0.0565177720837998,-0.25753326007893335,-0.4587801999199038,12,10,14,7,12.0,0
87,BEA,Haas F1 Team,Oliver,Bearman,,13.0,,,-0.33255239372765644,-0.31728072840755345,0.0,,2025,23,Qatar Grand Prix,Qatar,Lusail,-0.05593523754792728,-0.2569995804345766,-0.45767542374093184,3,5,14,7,13.0,0
5,BOR,Kick Sauber,Gabriel,Bortoleto,,14.0,,,-0.3231870531152639,-0.30717300389550856,0.0,,2025,23,Qatar Grand Prix,Qatar,Lusail,-0.04475057445916423,-0.24933746554057123,-0.4447863683195922,4,6,14,7,14.0,0
23,ALB,Williams,Alexander,Albon,,15.0,,,-0.3253277023980965,-0.2971705681804646,0.0,,2025,23,Qatar Grand Prix,Qatar,Lusail,-0.03368241827757634,-0.24663094734418112,-0.4477324381301841,0,12,14,7,15.0,0
22,TSU,Red Bull Racing,Yuki,Tsunoda,,16.0,,,-0.3135541313425185,1.4962437973119868e-15,0.0,,2025,23,Qatar Grand Prix,Qatar,Lusail,-0.01830350653052881,-0.13400803897132127,-0.43152905417193027,25,11,14,7,16.0,0
31,OCO,Haas F1 Team,Esteban,Ocon,,17.0,,,-0.3043671781703616,1.4962437973119868e-15,0.0,,2025,23,Qatar Grand Prix,Qatar,Lusail,-0.006303295091542901,-0.1300816815878261,-0.41888550456813933,17,5,14,7,17.0,0
44,HAM,Ferrari,Lewis,Hamilton,,18.0,,,-0.3005318482052874,1.4962437973119868e-15,0.0,,2025,23,Qatar Grand Prix,Qatar,Lusail,-0.0012934980830355562,-0.12844252268015272,-0.41360712949082995,10,4,14,7,18.0,0
18,STR,Aston Martin,Lance,Stroll,,19.0,,,-0.28706359646746527,1.4962437973119868e-15,0.0,,2025,23,Qatar Grand Prix,Qatar,Lusail,0.016299044900331877,-0.12268640651600074,-0.39507144026585517,24,1,14,7,19.0,0
43,COL,Alpine,Franco,Colapinto,,20.0,,,-0.2800172925781422,1.4962437973119868e-15,0.0,,2025,23,Qatar Grand Prix,Qatar,Lusail,0.025503090567125363,-0.11967492852283557,-0.3853739604726579,6,0,14,7,20.0,0
1,VER,Red Bull Racing,Max,Verstappen,,1.0,,,-0.12482021957278594,-0.07364245214848111,-0.09191916028269798,,2025,24,Abu Dhabi Grand Prix,United Arab Emirates,Yas Island,0.150165481243958,-0.10663779895988243,-0.08603307619954041,26,11,18,25,1.0,1
4,NOR,McLaren,Lando,Norris,,2.0,,,-0.09797290981726142,-0.06816743470445628,-0.06547099192489535,,2025,24,Abu Dhabi Grand Prix,United Arab Emirates,Yas Island,0.17358336958605564,-0.08551933303312309,-0.07375778532207522,16,7,18,25,2.0,1
81,PIA,McLaren,Oscar,Piastri,,3.0,,,-0.14908091144488692,-0.04531976575535579,-0.0616550870374518,,2025,24,Abu Dhabi Grand Prix,United Arab Emirates,Yas Island,0.17696206989411892,-0.09798456472635533,-0.14765503640441865,19,7,18,25,3.0,1
63,RUS,Mercedes,George,Russell,,4.0,,,-0.09181854312911773,-0.0759588056824904,-0.0342858381895777,,2025,24,Abu Dhabi Grand Prix,United Arab Emirates,Yas Island,0.20119550658643776,-0.07667549892660935,-0.09438027399621696,21,8,18,25,4.0,1
16,LEC,Ferrari,Charles,Leclerc,,5.0,,,-0.0993108156190318,-0.05300584793639043,-0.023101289381551086,,2025,24,Abu Dhabi Grand Prix,United Arab Emirates,Yas Island,0.2110985936962806,-0.06832722448985892,-0.1151255155791357,13,4,18,25,5.0,1
14,ALO,Aston Martin,Fernando,Alonso,,6.0,,,-0.10751663786988962,-0.06216597327542963,-0.00046902591119386654,,2025,24,Abu Dhabi Grand Prix,United Arab Emirates,Yas Island,0.22636099853615463,-0.06859406431203892,-0.14753228349564515,1,1,18,25,6.0,1
5,BOR,Kick Sauber,Gabriel,Bortoleto,,7.0,,,-0.08049094067412947,-0.06079721891442454,-0.00020586005688799603,,2025,24,Abu Dhabi Grand Prix,United Arab Emirates,Yas Island,0.2278755883294235,-0.056471912390181636,-0.11058365795447256,4,6,18,25,7.0,1
31,OCO,Haas F1 Team,Esteban,Ocon,,8.0,,,-0.0840586894788496,-0.045109188161355354,0.000978386287491226,,2025,24,Abu Dhabi Grand Prix,United Arab Emirates,Yas Island,0.2324193577092335,-0.05197375538773141,-0.11659855048442992,17,5,18,25,8.0,1
6,HAD,Racing Bulls,Isack,Hadjar,,9.0,,,-0.08058013439424666,-0.04784669688336701,0.021900071704857485,,2025,24,Abu Dhabi Grand Prix,United Arab Emirates,Yas Island,0.24220593791190118,-0.045417119757039465,-0.13132889953738955,9,10,18,25,9.0,1
22,TSU,Red Bull Racing,Yuki,Tsunoda,,10.0,,,-0.07942061603271318,-0.04395101139434921,0.0,,2025,24,Abu Dhabi Grand Prix,United Arab Emirates,Yas Island,0.23155306933243747,-0.0498556384742732,-0.10930266863845042,25,11,18,25,10.0,0
87,BEA,Haas F1 Team,Oliver,Bearman,,11.0,,,-0.09119418708829115,-0.04321398981534694,0.0,,2025,24,Abu Dhabi Grand Prix,United Arab Emirates,Yas Island,0.23155306933243747,-0.05462063529890342,-0.12550605259670428,3,5,18,25,11.0,0
55,SAI,Williams,Carlos,Sainz,,12.0,,,-0.09717016633619921,-0.04310870101834597,0.0,,2025,24,Abu Dhabi Grand Prix,United Arab Emirates,Yas Island,0.23155306933243747,-0.057136553622308524,-0.13373049748460733,22,12,18,25,12.0,0
30,LAW,Racing Bulls,Liam,Lawson,,13.0,,,-0.0902130561669933,-0.039423593123330096,0.0,,2025,24,Abu Dhabi Grand Prix,United Arab Emirates,Yas Island,0.23155306933243747,-0.05282899649284331,-0.12415577060018355,12,10,18,25,13.0,0
12,ANT,Mercedes,Kimi,Antonelli,,14.0,,,-0.12330392633077868,-0.03910772673232869,0.0,,2025,24,Abu Dhabi Grand Prix,United Arab Emirates,Yas Island,0.23020572647291693,-0.06685714714455397,-0.16969709975558145,2,8,18,25,14.0,0
18,STR,Aston Martin,Lance,Stroll,,15.0,,,-0.08566417644097404,-0.03731781718332124,0.0,,2025,24,Abu Dhabi Grand Prix,United Arab Emirates,Yas Island,0.23155306933243747,-0.05012247829645319,-0.11789537225267571,24,1,18,25,15.0,0
44,HAM,Ferrari,Lewis,Hamilton,,16.0,,,-0.07870706627176814,1.4962437973119868e-15,0.0,,2025,24,Abu Dhabi Grand Prix,United Arab Emirates,Yas Island,0.23155306933243747,-0.03363814585732138,-0.10832064536825195,10,4,18,25,16.0,0
23,ALB,Williams,Alexander,Albon,,17.0,,,-0.07674480442917245,1.4962437973119868e-15,0.0,,2025,24,Abu Dhabi Grand Prix,United Arab Emirates,Yas Island,0.23155306933243747,-0.03279950641618635,-0.1056200813752105,0,12,18,25,17.0,0
27,HUL,Kick Sauber,Nico,Hulkenberg,,18.0,,,-0.0737122179451592,1.4962437973119868e-15,0.0,,2025,24,Abu Dhabi Grand Prix,United Arab Emirates,Yas Island,0.23155306933243747,-0.0315034272798863,-0.10144648247687137,11,6,18,25,18.0,0
10,GAS,Alpine,Pierre,Gasly,,19.0,,,-0.07210673098303476,1.4962437973119868e-15,0.0,,2025,24,Abu Dhabi Grand Prix,United Arab Emirates,Yas Island,0.23155306933243747,-0.030817267737141232,-0.09923693011892742,8,0,18,25,19.0,0
43,COL,Alpine,Franco,Colapinto,,20.0,,,-0.034466981093230126,1.4962437973119868e-15,0.0,,2025,24,Abu Dhabi Grand Prix,United Arab Emirates,Yas Island,0.23155306933243747,-0.01473063845719047,-0.04743520261602168,6,0,18,25,20.0,0
63,RUS,Mercedes,George,Russell,,1.0,,,-0.4254030563705161,-0.47563507909625147,-0.5773285785510065,,2026,1,Australian Grand Prix,Australia,Melbourne,-0.27962849932318,-0.5212687626518577,-0.04687489830042387,21,8,0,10,1.0,1
12,ANT,Mercedes,Kimi,Antonelli,,2.0,,,-0.3707273059381692,-0.42288539179901863,-0.5387747808951058,,2026,1,Australian Grand Prix,Australia,Melbourne,-0.2454919755210183,-0.4676339583938251,-0.007593967492533833,2,8,0,10,2.0,1
6,HAD,Red Bull Racing,Isack,Hadjar,,3.0,,,-0.379379096789618,-0.3999324340529171,-0.474035980735712,,2026,1,Australian Grand Prix,Australia,Melbourne,-0.188170577191111,-0.44426641396584227,-0.07989543076080781,9,11,0,10,3.0,1
16,LEC,Ferrari,Charles,Leclerc,,4.0,,,-0.3612727716056595,-0.4310979179650551,-0.4708779904840341,,2026,1,Australian Grand Prix,Australia,Melbourne,-0.18537441141892025,-0.4468966922130374,-0.0579226600901436,13,4,0,10,4.0,1
81,PIA,McLaren,Oscar,Piastri,,5.0,,,-0.4113996423119871,-0.41340940006897653,-0.4639040953449126,,2026,1,Australian Grand Prix,Australia,Melbourne,-0.1791995453386662,-0.4598956035506264,-0.13341569898655825,19,7,0,10,5.0,1
1,NOR,McLaren,Lando,Norris,,6.0,,,-0.3805386151511515,-0.375821299539811,-0.4514037172653548,,2026,1,Australian Grand Prix,Australia,Melbourne,-0.16813138915707831,-0.42947586382219155,-0.10260471888411826,16,7,0,10,6.0,1
44,HAM,Ferrari,Lewis,Hamilton,,7.0,,,-0.3982881654546375,-0.37171503645679277,-0.45100896848389505,,2026,1,Australian Grand Prix,Australia,Melbourne,-0.16778186843555445,-0.4354606998339252,-0.12740080645659915,10,4,0,10,7.0,1
30,LAW,Racing Bulls,Liam,Lawson,,8.0,,,-0.33763643577438385,-0.34823563472568947,-0.3831121780728215,,2026,1,Australian Grand Prix,Australia,Melbourne,-0.10766430433345472,-0.38136845588073087,-0.10726932941755664,12,10,0,10,8.0,1
41,LIN,Racing Bulls,Arvid,Lindblad,,9.0,,,-0.344950320824061,-0.3664505966067699,-0.21823877034980937,,2026,1,Australian Grand Prix,Australia,Melbourne,-0.11034396319847033,-0.3433247212328873,-0.2711444626317256,14,10,0,10,9.0,1
5,BOR,Audi,Gabriel,Bortoleto,,10.0,,,-0.3372796608939113,-0.34012839735665396,0.0,,2026,1,Australian Grand Prix,Australia,Melbourne,-0.08121723640481765,-0.26729197357577544,-0.4641813279059885,4,2,0,10,10.0,0
27,HUL,Audi,Nico,Hulkenberg,,11.0,,,-0.2900961829514785,-0.3314947160026166,0.0,,2026,1,Australian Grand Prix,Australia,Melbourne,-0.07166367001650031,-0.24400066909698598,-0.3992450391641943,11,2,0,10,11.0,0
87,BEA,Haas F1 Team,Oliver,Bearman,,12.0,,,-0.2702059833651599,-0.33065240562661186,0.0,,2026,1,Australian Grand Prix,Australia,Melbourne,-0.0707316147591023,-0.23519495496507054,-0.37187114050744546,3,5,0,10,12.0,0
31,OCO,Haas F1 Team,Esteban,Ocon,,13.0,,,-0.31373251878275416,-0.31170042216652916,0.0,,2026,1,Australian Grand Prix,Australia,Melbourne,-0.04976037146767323,-0.24693590714095778,-0.431774559989479,17,5,0,10,13.0,0
10,GAS,Alpine,Pierre,Gasly,,14.0,,,-0.2799280988580237,-0.310647534196524,0.0,,2026,1,Australian Grand Prix,Australia,Melbourne,-0.04859530239592653,-0.2321072370227104,-0.38525120756388265,8,0,0,10,14.0,0
23,ALB,Williams,Alexander,Albon,,15.0,,,-0.2876879525082918,-0.2643204635163202,0.0,,2026,1,Australian Grand Prix,Australia,Melbourne,0.002667736760901909,-0.21865088598995477,-0.39593071062727836,0,12,0,10,15.0,0
43,COL,Alpine,Franco,Colapinto,,16.0,,,-0.2743980882107066,-0.2296804493031683,0.0,,2026,1,Australian Grand Prix,Australia,Melbourne,0.03284302571912612,-0.2004295381325722,-0.3776405272198541,6,0,0,10,16.0,0
14,ALO,Aston Martin,Fernando,Alonso,,17.0,,,-0.2058081174399492,1.4962437973119868e-15,0.0,,2026,1,Australian Grand Prix,Australia,Melbourne,0.1224368373364007,-0.08795910965810068,-0.2832435403721424,1,1,0,10,17.0,0
11,PER,Cadillac,Sergio,Perez,,18.0,,,-0.14908091144488692,1.4962437973119868e-15,0.0,,2026,1,Australian Grand Prix,Australia,Melbourne,0.19653523029945424,-0.0637148058143845,-0.20517269039145808,18,3,0,10,18.0,0
77,BOT,Cadillac,Valtteri,Bottas,,19.0,,,-0.09208612428947181,1.4962437973119868e-15,0.0,,2026,1,Australian Grand Prix,Australia,Melbourne,0.23155306933243747,-0.03935614204687667,-0.1267335816844515,5,3,0,10,19.0,0
18,STR,Aston Martin,Lance,Stroll,,,,,-1.2675189981055877e-15,1.4962437973119868e-15,0.0,,2026,1,Australian Grand Prix,Australia,Melbourne,0.23155306933243747,0.0,-4.633625592485486e-16,24,1,0,10,,0
3,VER,Red Bull Racing,Max,Verstappen,,,,,-1.2675189981055877e-15,1.4962437973119868e-15,0.0,,2026,1,Australian Grand Prix,Australia,Melbourne,0.23155306933243747,0.0,-4.633625592485486e-16,26,11,0,10,,0
55,SAI,Williams,Carlos,Sainz,,,,,-1.2675189981055877e-15,1.4962437973119868e-15,0.0,,2026,1,Australian Grand Prix,Australia,Melbourne,0.23155306933243747,0.0,-4.633625592485486e-16,22,12,0,10,,0
12,ANT,Mercedes,Kimi,Antonelli,,1.0,,,0.8052918938179389,0.9467112795830133,1.2050937526668075,,2026,2,Chinese Grand Prix,China,Shanghai,1.2985740652640954,1.0360465595609116,-0.015941165289208636,2,8,7,19,1.0,1
63,RUS,Mercedes,George,Russell,,2.0,,,0.8014565638528635,0.9551343833430501,1.2343051624948282,,2026,2,Chinese Grand Prix,China,Shanghai,1.3244385986568599,1.0459196329815454,-0.048470686114495086,21,8,7,19,2.0,1
44,HAM,Ferrari,Lewis,Hamilton,,3.0,,,0.8246469310835494,0.9597670904110702,1.251279360097597,,2026,2,Chinese Grand Prix,China,Shanghai,1.3394679896823853,1.062425581982063,-0.032390055065014724,10,4,7,19,3.0,1
16,LEC,Ferrari,Charles,Leclerc,,4.0,,,0.7936967102025952,0.9512386978540338,1.2529899381505882,,2026,2,Chinese Grand Prix,China,Shanghai,1.3409825794756542,1.0466057925242906,-0.07658110222389189,13,4,7,19,4.0,1
81,PIA,McLaren,Oscar,Piastri,,5.0,,,0.8307121040515746,1.0190446831223317,1.2690430552632836,,2026,2,Chinese Grand Prix,China,Shanghai,1.3551964221509567,1.091625482523391,-0.04061449995291603,19,7,7,19,5.0,1
1,NOR,McLaren,Lando,Norris,,6.0,,,0.8258064494450829,0.9958811477822297,1.2766748650381725,,2026,2,Chinese Grand Prix,China,Shanghai,1.3619538227670849,1.0833534480358358,-0.054485578644454184,16,7,7,19,6.0,1
10,GAS,Alpine,Pierre,Gasly,,7.0,,,0.8483724606349422,1.0056730059032732,1.3115443407337817,,2026,2,Chinese Grand Prix,China,Shanghai,1.3928281531683568,1.1066447525146252,-0.055958613549750146,8,0,7,19,7.0,1
3,VER,Red Bull Racing,Max,Verstappen,,8.0,,,0.8152815904711568,1.0156754416183171,1.3285185383365488,,2026,2,Chinese Grand Prix,China,Shanghai,1.4078575441938805,1.1010411162488598,-0.1173350679370779,26,11,7,19,8.0,1
6,HAD,Red Bull Racing,Isack,Hadjar,,9.0,,,0.8344582402965316,1.0424187960564355,1.3441769066677844,,2026,2,Chinese Grand Prix,China,Shanghai,1.4217218661476592,1.1234556613119193,-0.10555078869471018,9,11,7,19,9.0,1
87,BEA,Haas F1 Team,Oliver,Bearman,,10.0,,,0.8393638949030221,1.0260990325213635,1.3666775872109898,,2026,2,Chinese Grand Prix,China,Shanghai,1.4305763910929306,1.1261621795083094,-0.11979012611257234,3,5,7,19,10.0,1
27,HUL,Audi,Nico,Hulkenberg,,11.0,,,0.8776280008336533,1.042629373650436,0.0,,2026,2,Chinese Grand Prix,China,Shanghai,0.23155306933243747,0.7525698267933627,1.2078360425136412,11,2,7,19,11.0,0
43,COL,Alpine,Franco,Colapinto,,12.0,,,0.8346366277367673,1.0429452400414372,0.0,,2026,2,Chinese Grand Prix,China,Shanghai,0.23155306933243747,0.7343103589613819,1.1486691404842555,6,0,7,19,12.0,0
31,OCO,Haas F1 Team,Esteban,Ocon,,13.0,,,0.8649624925768947,1.0620025122985208,0.0,,2026,2,Chinese Grand Prix,China,Shanghai,0.23155306933243747,0.7541708657264394,1.19040512946764,17,5,7,19,13.0,0
30,LAW,Racing Bulls,Liam,Lawson,,14.0,,,0.8796794563963675,1.0859030692176266,0.0,,2026,2,Chinese Grand Prix,China,Shanghai,0.23155306933243747,0.7691138957684769,1.2106593594154578,12,10,7,19,14.0,0
41,LIN,Racing Bulls,Arvid,Lindblad,,15.0,,,0.8588973196088695,1.087903556360636,0.0,,2026,2,Chinese Grand Prix,China,Shanghai,0.23155306933243747,0.7609562212047114,1.1820579316709634,14,10,7,19,15.0,0
5,BOR,Audi,Gabriel,Bortoleto,,16.0,,,0.827055161526736,1.1069608286177197,0.0,,2026,2,Chinese Grand Prix,China,Shanghai,0.23155306933243747,0.7542471056756328,1.1382351432384104,4,2,7,19,16.0,0
55,SAI,Williams,Carlos,Sainz,,17.0,,,0.895555938577375,1.4962437973119868e-15,0.0,,2026,2,Chinese Grand Prix,China,Shanghai,0.23155306933243747,0.3827463366661173,1.2325093771773468,22,12,7,19,17.0,0
23,ALB,Williams,Alexander,Albon,,18.0,,,0.9361390812310757,1.4962437973119868e-15,0.0,,2026,2,Chinese Grand Prix,China,Shanghai,0.23155306933243747,0.40009092510777144,1.288361950669818,0,12,7,19,18.0,0
14,ALO,Aston Martin,Fernando,Alonso,,19.0,,,0.9745815746019426,1.4962437973119868e-15,0.0,,2026,2,Chinese Grand Prix,China,Shanghai,0.23155306933243747,0.4165206341590939,1.341268454351696,1,1,7,19,19.0,0
77,BOT,Cadillac,Valtteri,Bottas,,20.0,,,0.9953637113894418,1.4962437973119868e-15,0.0,,2026,2,Chinese Grand Prix,China,Shanghai,0.23155306933243747,0.4254025882402027,1.3698698820961919,5,3,7,19,20.0,0
18,STR,Aston Martin,Lance,Stroll,,21.0,,,1.0452230009354153,1.4962437973119868e-15,0.0,,2026,2,Chinese Grand Prix,China,Shanghai,0.23155306933243747,0.4467116540399487,1.438488758101226,24,1,7,19,21.0,0
11,PER,Cadillac,Sergio,Perez,,22.0,,,1.1264784799629328,1.4962437973119868e-15,0.0,,2026,2,Chinese Grand Prix,China,Shanghai,0.23155306933243747,0.48143895089784716,1.5503166579949406,18,3,7,19,22.0,0
12,ANT,Mercedes,Kimi,Antonelli,,1.0,,,0.513628429032009,0.5892558137664393,0.7727122540412562,,2026,3,Japanese Grand Prix,Japan,Suzuka,0.9157323682883262,0.6567146923457915,-0.013977118748816924,2,8,10,23,1.0,1
63,RUS,Mercedes,George,Russell,,2.0,,,0.5075632560639838,0.6564300662527357,0.8119239663329207,,2026,3,Japanese Grand Prix,Japan,Suzuka,0.9504514266263587,0.6898028302960231,-0.05890468336034033,21,8,10,23,2.0,1
81,PIA,McLaren,Oscar,Piastri,,3.0,,,0.5283453928514831,0.6316871989576253,0.8192926102535038,,2026,3,Japanese Grand Prix,Japan,Suzuka,0.9569758134281383,0.6918613089242616,-0.03717741850722661,19,7,10,23,3.0,1
16,LEC,Ferrari,Charles,Leclerc,,4.0,,,0.5029251826178474,0.616104457001557,0.8552147493663383,,2026,3,Japanese Grand Prix,Japan,Suzuka,0.9768984945549958,0.6857621129887362,-0.10567354160348544,13,4,10,23,4.0,1
1,NOR,McLaren,Lando,Norris,,5.0,,,0.5462733305952048,0.6679065451257857,0.855741081074952,,2026,3,Japanese Grand Prix,Japan,Suzuka,0.9892482267155056,0.7231959280430265,-0.04650663957410163,16,7,10,23,5.0,1
44,HAM,Ferrari,Lewis,Hamilton,,6.0,,,0.5380675083443469,0.6462170529436898,0.8765311835651625,,2026,3,Japanese Grand Prix,Japan,Suzuka,1.0076563180490925,0.7178591315994395,-0.07719486676776463,10,4,10,23,6.0,1
10,GAS,Alpine,Pierre,Gasly,,7.0,,,0.5625957813768032,0.6762243600888216,0.8928474665321657,,2026,3,Japanese Grand Prix,Japan,Suzuka,1.0221031745387454,0.7439331942238141,-0.05865917754279158,8,0,10,23,7.0,1
6,HAD,Red Bull Racing,Isack,Hadjar,,8.0,,,0.5695528915460091,0.7004407833989287,0.9306117666251451,,2026,3,Japanese Grand Prix,Japan,Suzuka,1.0555406568978578,0.7666145791090518,-0.08431453547669396,9,11,10,23,8.0,1
5,BOR,Audi,Gabriel,Bortoleto,,9.0,,,0.5425271943502478,0.6884378605408754,0.9695603130625056,,2026,3,Japanese Grand Prix,Japan,Suzuka,1.0569387397839531,0.76200206218281,-0.1578435278327169,4,2,10,23,9.0,1
41,LIN,Racing Bulls,Arvid,Lindblad,,10.0,,,0.5801669442400537,0.7009672273839306,0.9754815447844016,,2026,3,Japanese Grand Prix,Japan,Suzuka,1.0708030617377318,0.7843403672966744,-0.1115656812246693,14,10,10,23,10.0,1
3,VER,Red Bull Racing,Max,Verstappen,,11.0,,,0.5567981895691321,0.7170764133250022,0.0,,2026,3,Japanese Grand Prix,Japan,Suzuka,0.23155306933243747,0.49758531671378026,0.7662938296511934,26,11,10,23,11.0,0
31,OCO,Haas F1 Team,Esteban,Ocon,,12.0,,,0.5921189027358684,0.7220249867840236,0.0,,2026,3,Japanese Grand Prix,Japan,Suzuka,0.23155306933243747,0.5144724654602677,0.8149039815259584,17,5,10,23,12.0,0
27,HUL,Audi,Nico,Hulkenberg,,13.0,,,0.5424380006301306,0.7302375129500601,0.0,,2026,3,Japanese Grand Prix,Japan,Suzuka,0.23155306933243747,0.49621299762828686,0.7465306113384732,11,2,10,23,13.0,0
30,LAW,Racing Bulls,Liam,Lawson,,14.0,,,0.5691069229454182,0.7416087030261106,0.0,,2026,3,Japanese Grand Prix,Japan,Suzuka,0.23155306933243747,0.5117278272892809,0.7832337310620953,12,10,10,23,14.0,0
43,COL,Alpine,Franco,Colapinto,,15.0,,,0.593546002257756,0.7555068242301708,0.0,,2026,3,Japanese Grand Prix,Japan,Suzuka,0.23155306933243747,0.5272045369756784,0.816868028066352,6,0,10,23,15.0,0
55,SAI,Williams,Carlos,Sainz,,16.0,,,0.5931892273772847,0.7982540758123597,0.0,,2026,3,Japanese Grand Prix,Japan,Suzuka,0.23155306933243747,0.5425287667636858,0.8163770164312545,22,12,10,23,16.0,0
23,ALB,Williams,Alexander,Albon,,17.0,,,0.607549416316285,1.4962437973119868e-15,0.0,,2026,3,Japanese Grand Prix,Japan,Suzuka,0.23155306933243747,0.2596569386922846,0.8361402347439729,0,12,10,23,17.0,0
87,BEA,Haas F1 Team,Oliver,Bearman,,18.0,,,0.6077278037565219,1.4962437973119868e-15,0.0,,2026,3,Japanese Grand Prix,Japan,Suzuka,0.23155306933243747,0.259733178641478,0.8363857405615235,3,5,10,23,18.0,0
11,PER,Cadillac,Sergio,Perez,,19.0,,,0.7072679954082334,1.4962437973119868e-15,0.0,,2026,3,Japanese Grand Prix,Japan,Suzuka,0.23155306933243747,0.3022750702917717,0.9733779867540429,18,3,10,23,19.0,0
77,BOT,Cadillac,Valtteri,Bottas,,20.0,,,0.7183280167028676,1.4962437973119868e-15,0.0,,2026,3,Japanese Grand Prix,Japan,Suzuka,0.23155306933243747,0.30700194714180523,0.9885993474421,5,3,10,23,20.0,0
14,ALO,Aston Martin,Fernando,Alonso,,21.0,,,0.7465132322601624,1.4962437973119868e-15,0.0,,2026,3,Japanese Grand Prix,Japan,Suzuka,0.23155306933243747,0.31904785911446754,1.0273892666148925,1,1,10,23,21.0,0
18,STR,Aston Martin,Lance,Stroll,,22.0,,,0.7709523115725003,1.4962437973119868e-15,0.0,,2026,3,Japanese Grand Prix,Japan,Suzuka,0.23155306933243747,0.3294927321540564,1.0610235636191492,24,1,10,23,22.0,0
12,ANT,Mercedes,Kimi,Antonelli,,1.0,,,0.39036270782890475,0.5093416168430872,0.6437609854310786,,2026,4,Miami Grand Prix,United States,Miami Gardens,0.8015555992572073,0.537742251628439,-0.06332378807622822,2,8,20,13,1.0,1
3,VER,Red Bull Racing,Max,Verstappen,,2.0,,,0.43014310700154196,0.49112665496200686,0.6656037513385163,,2026,4,Miami Grand Prix,United States,Miami Gardens,0.8208957458481922,0.5544769204765365,-0.028952973619323565,26,11,20,13,2.0,1
16,LEC,Ferrari,Charles,Leclerc,,3.0,,,0.4157829180625405,0.5120791255650989,0.689157095298947,,2026,4,Miami Grand Prix,United States,Miami Gardens,0.8417504822324479,0.5627489549640936,-0.07068896260270804,13,4,20,13,3.0,1
1,NOR,McLaren,Lando,Norris,,4.0,,,0.43763537949145603,0.5757788477503799,0.6944204123850775,,2026,4,Miami Grand Prix,United States,Miami Gardens,0.846410758519433,0.5966757323554586,-0.045524616303903157,16,7,20,13,4.0,1
63,RUS,Mercedes,George,Russell,,5.0,,,0.4651962390079243,0.5291359106791746,0.6962625733652223,,2026,4,Miami Grand Prix,United States,Miami Gardens,0.8480418552198771,0.5921013354038134,-0.009312508215378542,21,8,20,13,5.0,1
44,HAM,Ferrari,Lewis,Hamilton,,6.0,,,0.4643934955268621,0.5291359106791746,0.7123156904779178,,2026,4,Miami Grand Prix,United States,Miami Gardens,0.8622556978951795,0.5964088925332786,-0.0253931392648589,10,4,20,13,6.0,1
81,PIA,McLaren,Oscar,Piastri,,7.0,,,0.5033711512184371,0.5138690351141064,0.7361322002926542,,2026,4,Miami Grand Prix,United States,Miami Gardens,0.8637702876884484,0.6144396405176777,0.006031605381453832,19,7,20,13,7.0,1
43,COL,Alpine,Franco,Colapinto,,8.0,,,0.47340206125878215,0.5815697315854046,0.7706069272068037,,2026,4,Miami Grand Prix,United States,Miami Gardens,0.9138682577735319,0.6361299060633938,-0.06737463406579212,6,0,20,13,8.0,1
10,GAS,Alpine,Pierre,Gasly,,9.0,,,0.502835988897729,0.5915721673004486,0.7769229077101595,,2026,4,Miami Grand Prix,United States,Miami Gardens,0.9194605893179133,0.6541606540477898,-0.03275831379133872,8,0,20,13,9.0,1
27,HUL,Audi,Nico,Hulkenberg,,10.0,,,0.47884287818598076,0.6304237333936197,0.0,,2026,4,Miami Grand Prix,United States,Miami Gardens,0.23155306933243747,0.4328957198226071,0.6590077873821403,11,2,20,13,10.0,0
30,LAW,Racing Bulls,Liam,Lawson,,11.0,,,0.47438319218007996,0.6367410612136477,0.0,,2026,4,Miami Grand Prix,United States,Miami Gardens,0.23155306933243747,0.4332769195685771,0.6528701419434078,12,10,20,13,11.0,0
87,BEA,Haas F1 Team,Oliver,Bearman,,12.0,,,0.45163879354998504,0.6439006994096791,0.0,,2026,4,Miami Grand Prix,United States,Miami Gardens,0.23155306933243747,0.42614848431893176,0.6215681502058702,3,5,20,13,12.0,0
55,SAI,Williams,Carlos,Sainz,,13.0,,,0.4694775375735895,0.64400598820668,0.0,,2026,4,Miami Grand Prix,United States,Miami Gardens,0.23155306933243747,0.43381059921293713,0.6461187319608024,22,12,20,13,13.0,0
31,OCO,Haas F1 Team,Esteban,Ocon,,14.0,,,0.49605726616875867,0.6654849027947755,0.0,,2026,4,Miami Grand Prix,United States,Miami Gardens,0.23155306933243747,0.4529468264606497,0.6826990987756493,17,5,20,13,14.0,0
23,ALB,Williams,Alexander,Albon,,15.0,,,0.4855324071948326,0.6838051534728553,0.0,,2026,4,Miami Grand Prix,United States,Miami Gardens,0.23155306933243747,0.4550815450380832,0.66821425554024,0,12,20,13,15.0,0
41,LIN,Racing Bulls,Arvid,Lindblad,,16.0,,,0.522369413603575,1.4962437973119868e-15,0.0,,2026,4,Miami Grand Prix,United States,Miami Gardens,0.23155306933243747,0.22325236295211448,0.7189112068641739,14,10,20,13,16.0,0
14,ALO,Aston Martin,Fernando,Alonso,,17.0,,,0.6084413535174656,1.4962437973119868e-15,0.0,,2026,4,Miami Grand Prix,United States,Miami Gardens,0.23155306933243747,0.26003813843825463,0.8373677638317202,1,1,20,13,17.0,0
18,STR,Aston Martin,Lance,Stroll,,18.0,,,0.6143281390452553,1.4962437973119868e-15,0.0,,2026,4,Miami Grand Prix,United States,Miami Gardens,0.23155306933243747,0.2625540567616597,0.845469455810848,24,1,20,13,18.0,0
77,BOT,Cadillac,Valtteri,Bottas,,19.0,,,0.6558032189001354,1.4962437973119868e-15,0.0,,2026,4,Miami Grand Prix,United States,Miami Gardens,0.23155306933243747,0.28027984494928065,0.9025495583910649,5,3,20,13,19.0,0
11,PER,Cadillac,Sergio,Perez,,20.0,,,0.685950696300026,1.4962437973119868e-15,0.0,,2026,4,Miami Grand Prix,United States,Miami Gardens,0.23155306933243747,0.2931643963630812,0.9440400415568988,18,3,20,13,20.0,0
5,BOR,Audi,Gabriel,Bortoleto,,21.0,,,0.843823580908923,1.4962437973119868e-15,0.0,,2026,4,Miami Grand Prix,United States,Miami Gardens,0.23155306933243747,0.3606367513998362,1.1613126900880448,4,2,20,13,21.0,0
6,HAD,Red Bull Racing,Isack,Hadjar,,22.0,,,-1.2675189981055877e-15,1.4962437973119868e-15,0.0,,2026,4,Miami Grand Prix,United States,Miami Gardens,0.23155306933243747,0.0,-4.633625592485486e-16,9,11,20,13,22.0,0
63,RUS,Mercedes,George,Russell,,1.0,,,-0.9207849779060053,-1.092100985533967,-1.358931165841263,,2026,5,Canadian Grand Prix,Canada,Montréal,-0.9716795279403672,-1.18261220193586,0.0005077244865939677,21,8,6,16,1.0,1
12,ANT,Mercedes,Kimi,Antonelli,,2.0,,,-0.9718929795336321,-1.0924168519249684,-1.349983526794843,,2026,5,Canadian Grand Prix,Canada,Montréal,-0.9637570582524939,-1.201977149031156,-0.0781768900379631,2,8,6,16,2.0,1
1,NOR,McLaren,Lando,Norris,,3.0,,,-0.9609221519591151,-1.0952596494439797,-1.339062143841124,,2026,5,Canadian Grand Prix,Canada,Montréal,-0.9540869849570014,-1.1951536735782857,-0.07326677368697598,16,7,6,16,3.0,1
81,PIA,McLaren,Oscar,Piastri,,4.0,,,-0.9559273036325062,-1.0704114933518711,-1.3322198316291547,,2026,5,Canadian Grand Prix,Canada,Montréal,-0.9480286257839209,-1.1820404023169049,-0.07277576205187848,19,7,6,16,4.0,1
44,HAM,Ferrari,Lewis,Hamilton,,5.0,,,-0.937375009847958,-1.0961019598199844,-1.320772116966824,,2026,5,Canadian Grand Prix,Canada,Montréal,-0.937892524859731,-1.1800962836124564,-0.0579226600901436,10,4,6,16,5.0,1
3,VER,Red Bull Racing,Max,Verstappen,,6.0,,,-0.9106168938125518,-1.049985466733781,-1.3156403828078473,,2026,5,Canadian Grand Prix,Canada,Montréal,-0.933348755479921,-1.1504770633505583,-0.025884150899958134,26,11,6,16,6.0,1
6,HAD,Red Bull Racing,Isack,Hadjar,,7.0,,,-0.9474539002212943,-1.1030510204220152,-1.3119560608475558,,2026,5,Canadian Grand Prix,Canada,Montréal,-0.9300865620790313,-1.1843657207673235,-0.08001818366958306,9,11,6,16,7.0,1
16,LEC,Ferrari,Charles,Leclerc,,8.0,,,-0.932201774081112,-1.0481955571847734,-1.3065611608342733,,2026,5,Canadian Grand Prix,Canada,Montréal,-0.9253097788848725,-1.1564237793876955,-0.0640603055288762,13,4,6,16,8.0,1
41,LIN,Racing Bulls,Arvid,Lindblad,,9.0,,,-0.9259582136728512,-1.0427205397407486,-1.2665599509796877,,2026,5,Canadian Grand Prix,Canada,Montréal,-0.8898916791037907,-1.1401846702093579,-0.09278448618214749,14,10,6,16,9.0,1
43,COL,Alpine,Franco,Colapinto,,10.0,,,-0.8750285994854614,-1.0101863014676056,-1.2116898703567855,,2026,5,Canadian Grand Prix,Canada,Montréal,-0.8413082988119779,-1.0907430631570005,-0.07388053823085046,6,0,6,16,10.0,1
27,HUL,Audi,Nico,Hulkenberg,,11.0,,,-0.8664660023541311,-1.0071329263545925,0.0,,2026,5,Canadian Grand Prix,Canada,Montréal,-0.8192884933559772,-0.7349478219322316,-1.1924743356660412,11,2,6,16,11.0,0
30,LAW,Racing Bulls,Liam,Lawson,,12.0,,,-0.8857318458996231,-1.0059747495875864,0.0,,2026,5,Canadian Grand Prix,Canada,Montréal,-0.8180069173770553,-0.7427624167246237,-1.2189889639613667,12,10,6,16,12.0,0
5,BOR,Audi,Gabriel,Bortoleto,,13.0,,,-0.8474677399689918,-0.9876544989095065,0.0,,2026,5,Canadian Grand Prix,Canada,Montréal,-0.797734715528674,-0.7197760720426093,-1.1663279660970378,4,2,6,16,13.0,0
10,GAS,Alpine,Pierre,Gasly,,14.0,,,-0.8543356564180805,-0.9754409984574528,0.0,,2026,5,Canadian Grand Prix,Canada,Montréal,-0.7842199142964192,-0.7182893930333258,-1.175779940072688,8,0,6,16,14.0,0
55,SAI,Williams,Carlos,Sainz,,15.0,,,-0.8919754063078852,-0.966386161915413,0.0,,2026,5,Canadian Grand Prix,Canada,Montréal,-0.7742003202794029,-0.7310977044979314,-1.2275816675755937,22,12,6,16,15.0,0
87,BEA,Haas F1 Team,Oliver,Bearman,,16.0,,,-0.8765448927274674,-0.9513298639443467,0.0,,2026,5,Canadian Grand Prix,Canada,Montréal,-0.7575398325534335,-0.7190517925252659,-1.2063454143575776,3,5,6,16,16.0,0
31,OCO,Haas F1 Team,Esteban,Ocon,,17.0,,,-0.8412241795607309,1.4962437973119868e-15,0.0,,2026,5,Canadian Grand Prix,Canada,Montréal,-0.7075583693755252,-0.359525808687394,-1.1577352624828126,17,5,6,16,17.0,0
23,ALB,Williams,Alexander,Albon,,18.0,,,-0.8406890172400228,1.4962437973119868e-15,0.0,,2026,5,Canadian Grand Prix,Canada,Montréal,-0.7068593279324775,-0.35929708883981226,-1.1569987450301644,0,12,6,16,18.0,0
14,ALO,Aston Martin,Fernando,Alonso,,19.0,,,-0.8099171837993057,1.4962437973119868e-15,0.0,,2026,5,Canadian Grand Prix,Canada,Montréal,-0.666664444957237,-0.34614569760383496,-1.1146489915029072,1,1,6,16,19.0,0
11,PER,Cadillac,Sergio,Perez,,20.0,,,-0.7891350470118064,1.4962437973119868e-15,0.0,,2026,5,Canadian Grand Prix,Canada,Montréal,-0.6395183355855523,-0.33726374352272454,-1.0860475637584113,18,3,6,16,20.0,0
18,STR,Aston Martin,Lance,Stroll,,21.0,,,-0.720812657401403,1.4962437973119868e-15,0.0,,2026,5,Canadian Grand Prix,Canada,Montréal,-0.5502740446898015,-0.3080638429813948,-0.9920188356370235,24,1,6,16,21.0,0
77,BOT,Cadillac,Valtteri,Bottas,,22.0,,,-0.7139447409523143,1.4962437973119868e-15,0.0,,2026,5,Canadian Grand Prix,Canada,Montréal,-0.541303012837355,-0.30512860493742133,-0.9825668616613733,5,3,6,16,22.0,0
12,ANT,Mercedes,Kimi,Antonelli,,1.0,,,-0.9523595548277848,-1.131584284409141,-1.4282753684510219,,2026,6,Monaco Grand Prix,Monaco,Monte Carlo,-1.033078668021387,-1.230490890029739,0.021743977704610198,2,8,12,15,1.0,1
3,VER,Red Bull Racing,Max,Verstappen,,2.0,,,-0.9620816703206498,-1.1531684877942359,-1.4226173025834334,,2026,6,Monaco Grand Prix,Monaco,Monte Carlo,-1.0280688710128798,-1.2408214031455378,0.003085535570861904,26,11,12,15,2.0,1
44,HAM,Ferrari,Lewis,Hamilton,,3.0,,,-0.9364830726467772,-1.1073678610990338,-1.3982744610600835,,2026,6,Monaco Grand Prix,Monaco,Monte Carlo,-1.0065150931855766,-1.2062465861860228,0.015606332265877597,10,4,12,15,3.0,1
16,LEC,Ferrari,Charles,Leclerc,,4.0,,,-0.979652833183899,-1.1242140686191078,-1.3888004903050495,,2026,6,Monaco Grand Prix,Monaco,Monte Carlo,-0.9981265958690042,-1.2280512116555289,-0.052644285012832484,13,4,12,15,4.0,1
6,HAD,Red Bull Racing,Isack,Hadjar,,5.0,,,-0.8802018352523059,-1.1296890860631326,-1.3778791073513308,,2026,6,Monaco Grand Prix,Monaco,Monte Carlo,-0.9884565225735118,-1.1843657207673235,0.07403671684261516,9,11,12,15,5.0,1
63,RUS,Mercedes,George,Russell,,6.0,,,-0.8975054169552023,-1.0753600668108927,-1.3764316951526456,,2026,6,Monaco Grand Prix,Monaco,Monte Carlo,-0.9871749465945915,-1.171671769226511,0.04887237054381028,21,8,12,15,6.0,1
81,PIA,McLaren,Oscar,Piastri,,7.0,,,-0.9024110715616928,-1.1022087100460105,-1.3528783511922151,,2026,6,Monaco Grand Prix,Monaco,Monte Carlo,-0.966320210210336,-1.176665485898723,0.020148189890540732,19,7,12,15,7.0,1
1,NOR,McLaren,Lando,Norris,,8.0,,,-0.9495945495041268,-1.1089471930540409,-1.3343251584636073,,2026,6,Monaco Grand Prix,Monaco,Monte Carlo,-0.9498927362987153,-1.1938957144165838,-0.06209625898848275,16,7,12,15,8.0,1
10,GAS,Alpine,Pierre,Gasly,,9.0,,,-0.8747610183251073,-1.0201887371826497,-1.2736654290459628,,2026,6,Monaco Grand Prix,Monaco,Monte Carlo,-0.89618305209122,-1.1122046088551316,-0.015695659471661634,8,0,12,15,9.0,1
30,LAW,Racing Bulls,Liam,Lawson,,10.0,,,-0.8721744004416837,-1.0508277771097843,-1.249191004595459,,2026,6,Monaco Grand Prix,Monaco,Monte Carlo,-0.8745127673567415,-1.1151017269245067,-0.03496786614928266,12,10,12,15,10.0,1
23,ALB,Williams,Alexander,Albon,,11.0,,,-0.8879616889025741,-1.0175565172576373,0.0,,2026,6,Monaco Grand Prix,Monaco,Monte Carlo,-0.8308226771662625,-0.747908613295224,-1.2220577866807338,0,12,12,15,11.0,0
55,SAI,Williams,Carlos,Sainz,,12.0,,,-0.8855534584593874,-1.0146084309416252,0.0,,2026,6,Monaco Grand Prix,Monaco,Monte Carlo,-0.8275604837653744,-0.7458120146923856,-1.218743458143818,22,12,12,15,12.0,0
27,HUL,Audi,Nico,Hulkenberg,,13.0,,,-0.9234607895095461,-1.0054483056025847,0.0,,2026,6,Monaco Grand Prix,Monaco,Monte Carlo,-0.8174243828411829,-0.7586965661061861,-1.2709134443730477,11,2,12,15,13.0,0
43,COL,Alpine,Franco,Colapinto,,14.0,,,-0.8654848714328331,-0.9956564474815411,0.0,,2026,6,Monaco Grand Prix,Monaco,Monte Carlo,-0.8065892404739436,-0.7303734249805864,-1.1911240536695205,6,0,12,15,14.0,0
41,LIN,Racing Bulls,Arvid,Lindblad,,15.0,,,-0.855495174779614,-0.9690183818404238,0.0,,2026,6,Monaco Grand Prix,Monaco,Monte Carlo,-0.7771129929587671,-0.7164596342526675,-1.1773757278867576,14,10,12,15,15.0,0
5,BOR,Audi,Gabriel,Bortoleto,,16.0,,,-0.8556735622198496,1.4962437973119868e-15,0.0,,2026,6,Monaco Grand Prix,Monaco,Monte Carlo,-0.7264324883378113,-0.3657012445721143,-1.1776212337043062,4,2,12,15,16.0,0
31,OCO,Haas F1 Team,Esteban,Ocon,,17.0,,,-0.852195007135248,1.4962437973119868e-15,0.0,,2026,6,Monaco Grand Prix,Monaco,Monte Carlo,-0.7218887189580029,-0.3642145655628292,-1.1728338702620962,17,5,12,15,17.0,0
11,PER,Cadillac,Sergio,Perez,,18.0,,,-0.849965164132297,1.4962437973119868e-15,0.0,,2026,6,Monaco Grand Prix,Monaco,Monte Carlo,-0.718976046278637,-0.3632615661979042,-1.169765047542729,18,3,12,15,18.0,0
87,BEA,Haas F1 Team,Oliver,Bearman,,19.0,,,-0.8439891848843901,1.4962437973119868e-15,0.0,,2026,6,Monaco Grand Prix,Monaco,Monte Carlo,-0.7111700834979389,-0.36070752789990235,-1.1615406026548276,3,5,12,15,19.0,0
77,BOT,Cadillac,Valtteri,Bottas,,20.0,,,-0.8021573301490375,1.4962437973119868e-15,0.0,,2026,6,Monaco Grand Prix,Monaco,Monte Carlo,-0.6565283440330455,-0.3428292598138931,-1.1039694884395115,5,3,12,15,20.0,0
14,ALO,Aston Martin,Fernando,Alonso,,21.0,,,-0.7962705446212479,1.4962437973119868e-15,0.0,,2026,6,Monaco Grand Prix,Monaco,Monte Carlo,-0.6488388881595208,-0.3403133414904864,-1.0958677964603838,1,1,12,15,21.0,0
18,STR,Aston Martin,Lance,Stroll,,22.0,,,-0.7327646158972165,1.4962437973119868e-15,0.0,,2026,6,Monaco Grand Prix,Monaco,Monte Carlo,-0.5658859702511977,-0.3131719195773967,-1.0084677254128263,24,1,12,15,22.0,0
63,RUS,Mercedes,George,Russell,,1.0,,,-0.7634472556178166,-0.8658353607799704,-1.082475435892302,,2026,7,Barcelona Grand Prix,Spain,Barcelona,-0.7268985159665102,-0.9533586747092772,-0.04086000577046652,21,8,17,2,1.0,1
44,HAM,Ferrari,Lewis,Hamilton,,2.0,,,-0.7716530778686744,-0.845830489349881,-1.0740541285544956,,2026,7,Barcelona Grand Prix,Spain,Barcelona,-0.7194420739073359,-0.9471832388245569,-0.060009459539312304,10,4,17,2,2.0,1
12,ANT,Mercedes,Kimi,Antonelli,,3.0,,,-0.7402568883871307,-0.8587810113809385,-1.0405004821304176,,2026,7,Barcelona Grand Prix,Spain,Barcelona,-0.6897328125778092,-0.928733171119591,-0.048102427388171096,2,8,17,2,3.0,1
1,NOR,McLaren,Lando,Norris,,4.0,,,-0.7126068351505439,-0.8518319507789077,-1.0401057333489578,,2026,7,Barcelona Grand Prix,Spain,Barcelona,-0.6893832918562853,-0.914285700747312,-0.010417284394350515,16,7,17,2,4.0,1
3,VER,Red Bull Racing,Max,Verstappen,,5.0,,,-0.7068092433428728,-0.8388814287478517,-1.0374740748058935,,2026,7,Barcelona Grand Prix,Spain,Barcelona,-0.6870531537127935,-0.9063567460311283,-0.004893403499490651,26,11,17,2,5.0,1
6,HAD,Red Bull Racing,Isack,Hadjar,,6.0,,,-0.7001197143340209,-0.8104534535577254,-1.0301054308853121,,2026,7,Barcelona Grand Prix,Spain,Barcelona,-0.6805287669110156,-0.8910706362177174,-0.0025610982327714605,9,11,17,2,6.0,1
81,PIA,McLaren,Oscar,Piastri,,7.0,,,-0.7258966994481291,-0.8353016096498352,-1.0283948528323195,,2026,7,Barcelona Grand Prix,Spain,Barcelona,-0.6790141771177451,-0.9105880632114001,-0.0396324766827193,19,7,17,2,7.0,1
30,LAW,Racing Bulls,Liam,Lawson,,8.0,,,-0.6781780591849882,-0.8282472602508049,-0.8373364426058124,,2026,7,Barcelona Grand Prix,Spain,Barcelona,-0.621343258066314,-0.8322896353890862,-0.1521968940290818,12,10,17,2,8.0,1
27,HUL,Audi,Nico,Hulkenberg,,9.0,,,-0.7323186472966269,-0.8089794103997193,-0.8222044059831902,,2026,7,Barcelona Grand Prix,Spain,Barcelona,-0.6000224940533594,-0.8440687075395717,-0.24082449416438487,11,2,17,2,9.0,1
16,LEC,Ferrari,Charles,Leclerc,,10.0,,,-0.7414164067486654,-0.8602550545389446,0.0,,2026,7,Barcelona Grand Prix,Spain,Barcelona,-0.6567613578473942,-0.6283262529843164,-1.020374757563969,13,4,17,2,10.0,0
41,LIN,Racing Bulls,Arvid,Lindblad,,11.0,,,-0.7002981017742578,-0.8013986170156856,0.0,,2026,7,Barcelona Grand Prix,Spain,Barcelona,-0.5916339967367871,-0.5894438788953396,-0.9637856666188515,14,10,17,2,11.0,0
5,BOR,Audi,Gabriel,Bortoleto,,12.0,,,-0.6832621012317155,-0.7844471206986108,0.0,,2026,7,Barcelona Grand Prix,Spain,Barcelona,-0.5728763846816746,-0.5760256478371806,-0.9403398610428914,4,2,17,2,12.0,0
43,COL,Alpine,Franco,Colapinto,,13.0,,,-0.6855811379547837,-0.764442249268523,0.0,,2026,7,Barcelona Grand Prix,Spain,Barcelona,-0.5507400723184989,-0.569773972003267,-0.943531436671032,6,0,17,2,13.0,0
10,GAS,Alpine,Pierre,Gasly,,14.0,,,-0.6847783944737216,-0.7570720334784912,0.0,,2026,7,Barcelona Grand Prix,Spain,Barcelona,-0.5425845888162769,-0.5667624940101017,-0.94242666049206,8,0,17,2,14.0,0
87,BEA,Haas F1 Team,Oliver,Bearman,,15.0,,,-0.6872758186370267,-0.7435950674624319,0.0,,2026,7,Barcelona Grand Prix,Spain,Barcelona,-0.5276717046979267,-0.5629504965503982,-0.9458637419377511,3,5,17,2,15.0,0
55,SAI,Williams,Carlos,Sainz,,16.0,,,-0.6596257654004399,-0.5921897773757647,0.0,,2026,7,Barcelona Grand Prix,Spain,Barcelona,-0.4703503063680177,-0.49631678095477666,-0.9078103402176066,22,12,17,2,16.0,0
31,OCO,Haas F1 Team,Esteban,Ocon,,17.0,,,-0.6425005711377805,1.4962437973119868e-15,0.0,,2026,7,Barcelona Grand Prix,Spain,Barcelona,-0.44798098019049326,-0.2745945052851948,-0.8842417817328729,17,5,17,2,17.0,0
23,ALB,Williams,Alexander,Albon,,18.0,,,-0.6111935753763539,1.4962437973119868e-15,0.0,,2026,7,Barcelona Grand Prix,Spain,Barcelona,-0.4070870557722034,-0.26121439420163417,-0.841155510752966,0,12,17,2,18.0,0
11,PER,Cadillac,Sergio,Perez,,19.0,,,-0.6004011352420737,1.4962437973119868e-15,0.0,,2026,7,Barcelona Grand Prix,Spain,Barcelona,-0.39298972000407606,-0.2566018772753939,-0.8263024087912328,18,3,17,2,19.0,0
77,BOT,Cadillac,Valtteri,Bottas,,20.0,,,-0.581492066577053,1.4962437973119868e-15,0.0,,2026,7,Barcelona Grand Prix,Spain,Barcelona,-0.36829025568305823,-0.24852044266082188,-0.8002787921310047,5,3,17,2,20.0,0
18,STR,Aston Martin,Lance,Stroll,,21.0,,,-0.49220915273891475,1.4962437973119868e-15,0.0,,2026,7,Barcelona Grand Prix,Spain,Barcelona,-0.251666841601274,-0.2103623480891867,-0.6774031304475723,24,1,17,2,21.0,0
14,ALO,Aston Martin,Fernando,Alonso,,22.0,,,-0.48712511069218734,1.4962437973119868e-15,0.0,,2026,7,Barcelona Grand Prix,Spain,Barcelona,-0.24502594789232096,-0.20818950953715656,-0.6704062146474165,1,1,17,2,22.0,0
63,RUS,Mercedes,George,Russell,,1.0,,,-1.5054498132796341,-1.7343626472367952,-2.2096147898869725,,2026,8,Austrian Grand Prix,Austria,Spielberg,-1.7248966828242256,-1.9114661162312157,-0.010540037303125761,21,8,1,22,1.0,1
16,LEC,Ferrari,Charles,Leclerc,,2.0,,,-1.49251672386252,-1.7289929185897714,-2.178561219078807,,2026,8,Austrian Grand Prix,Austria,Spielberg,-1.697401052731017,-1.8949982872052948,-0.02171055200161899,13,4,1,22,2.0,1
44,HAM,Ferrari,Lewis,Hamilton,,3.0,,,-1.5150827350523794,-1.7327833152817882,-2.170797826376766,,2026,8,Austrian Grand Prix,Austria,Spielberg,-1.6905271452077153,-1.9037658813626135,-0.060009459539312304,10,4,1,22,3.0,1
12,ANT,Mercedes,Kimi,Antonelli,,4.0,,,-1.5335458351168105,-1.7571050273888948,-2.1700083288138465,,2026,8,Austrian Grand Prix,Austria,Spielberg,-1.6898281037646676,-1.9202337103885343,-0.08615582910831567,2,8,1,22,4.0,1
3,VER,Red Bull Racing,Max,Verstappen,,5.0,,,-1.5046470697985719,-1.7128837326486999,-2.1619817702574995,,2026,8,Austrian Grand Prix,Austria,Spielberg,-1.6827211824270172,-1.8895471308379195,-0.0538718141005797,26,11,1,22,5.0,1
1,NOR,McLaren,Lando,Norris,,6.0,,,-1.5178477403760386,-1.7429963285908325,-2.158429031224362,,2026,8,Austrian Grand Prix,Austria,Spielberg,-1.6795754959333025,-1.905061960498912,-0.07535357313614467,16,7,1,22,6.0,1
81,PIA,McLaren,Oscar,Piastri,,7.0,,,-1.4975115721891303,-1.7437333501698364,-2.1572447848799827,,2026,8,Austrian Grand Prix,Austria,Spielberg,-1.678526933768731,-1.896294366341595,-0.048470686114495086,19,7,1,22,7.0,1
6,HAD,Red Bull Racing,Isack,Hadjar,,8.0,,,-1.5045578760784535,-1.7230967459577458,-2.1413232506944393,,2026,8,Austrian Grand Prix,Austria,Spielberg,-1.664429598000602,-1.8872218123874995,-0.07302126786942723,9,11,1,22,8.0,1
30,LAW,Racing Bulls,Liam,Lawson,,9.0,,,-1.5066093316411677,-1.7178323061077228,-2.098821965223943,,2026,8,Austrian Grand Prix,Austria,Spielberg,-1.6267978669832035,-1.873879821278537,-0.11549377430545794,12,10,1,22,9.0,1
41,LIN,Racing Bulls,Arvid,Lindblad,,10.0,,,-1.491981561541812,-1.7158318189647135,-2.0919796530119736,,2026,8,Austrian Grand Prix,Austria,Spielberg,-1.620739507810123,-1.8649216272482316,-0.10174544852269678,14,10,1,22,10.0,1
10,GAS,Alpine,Pierre,Gasly,,11.0,,,-1.4483658324041007,-1.7086721807686822,0.0,,2026,8,Austrian Grand Prix,Austria,Spielberg,-1.595574015860408,-1.2376359269433628,-1.9933143125119166,8,0,1,22,11.0,0
5,BOR,Audi,Gabriel,Bortoleto,,12.0,,,-1.4486334135644547,-1.701301964978649,0.0,,2026,8,Austrian Grand Prix,Austria,Spielberg,-1.5874185323581842,-1.2350818886453612,-1.9936825712382404,4,2,1,22,12.0,0
87,BEA,Haas F1 Team,Oliver,Bearman,,13.0,,,-1.4463143768413853,-1.6770855416685433,0.0,,2026,8,Austrian Grand Prix,Austria,Spielberg,-1.5606219437080249,-1.2253231751485205,-1.990490995610098,3,5,1,22,13.0,0
27,HUL,Audi,Nico,Hulkenberg,,14.0,,,-1.4458684082407955,-1.6678201275325018,0.0,,2026,8,Austrian Grand Prix,Austria,Spielberg,-1.5503693358766584,-1.2217780175109954,-1.9898772310662254,11,2,1,22,14.0,0
31,OCO,Haas F1 Team,Esteban,Ocon,,15.0,,,-1.4311514444213227,-1.6461306353504073,0.0,,2026,8,Austrian Grand Prix,Austria,Spielberg,-1.5263689129986897,-1.2076355069354947,-1.9696230011184077,17,5,1,22,15.0,0
43,COL,Alpine,Franco,Colapinto,,16.0,,,-1.461209728101095,-1.6088584012122418,0.0,,2026,8,Austrian Grand Prix,Austria,Spielberg,-1.5173978811462434,-1.2069874673673446,-2.0109907313754665,6,0,1,22,16.0,0
55,SAI,Williams,Carlos,Sainz,,17.0,,,-1.4292783762988441,1.4962437973119868e-15,0.0,,2026,8,Austrian Grand Prix,Austria,Spielberg,-1.475688408377734,-0.6108508012056629,-1.9670451900341397,22,12,1,22,17.0,0
23,ALB,Williams,Alexander,Albon,,18.0,,,-1.4063555902285123,1.4962437973119868e-15,0.0,,2026,8,Austrian Grand Prix,Austria,Spielberg,-1.4457461332338584,-0.601053967734224,-1.9354976924790517,0,12,1,22,18.0,0
11,PER,Cadillac,Sergio,Perez,,19.0,,,-1.3674671282570559,1.4962437973119868e-15,0.0,,2026,8,Austrian Grand Prix,Austria,Spielberg,-1.3949491217057288,-0.5844336588099149,-1.8819774242533012,18,3,1,22,19.0,0
77,BOT,Cadillac,Valtteri,Bottas,,20.0,,,-1.3598856620470232,1.4962437973119868e-15,0.0,,2026,8,Austrian Grand Prix,Austria,Spielberg,-1.3850460345958862,-0.5811934609691665,-1.8715434270074542,5,3,1,22,20.0,0
14,ALO,Aston Martin,Fernando,Alonso,,21.0,,,-1.2785409892993889,1.4962437973119868e-15,0.0,,2026,8,Austrian Grand Prix,Austria,Spielberg,-1.2787917352526421,-0.5464280441366698,-1.7595927742049662,1,1,1,22,21.0,0
18,STR,Aston Martin,Lance,Stroll,,22.0,,,-1.2409904331297013,1.4962437973119868e-15,0.0,,2026,8,Austrian Grand Prix,Austria,Spielberg,-1.2297423273321302,-0.5303795348313156,-1.707913799610834,24,1,1,22,22.0,0
12,ANT,Mercedes,Kimi,Antonelli,,1.0,,,0.4854432134747142,0.5308205314311811,0.6849464416300437,,2026,9,British Grand Prix,United Kingdom,Silverstone,0.8380222612028607,0.5980861714155487,0.029109152231088273,2,8,19,20,1.0,1
16,LEC,Ferrari,Charles,Leclerc,,2.0,,,0.46894237525288135,0.5448239414322439,0.7079734538818606,,2026,9,British Grand Prix,United Kingdom,Silverstone,0.8584109699584173,0.6027749282909856,-0.015081894927787153,13,4,19,20,2.0,1
44,HAM,Ferrari,Lewis,Hamilton,,3.0,,,0.4787536844658636,0.5698826751183542,0.7306057173522179,,2026,9,British Grand Prix,United Kingdom,Silverstone,0.87845015799245,0.6225973150814448,-0.02269257527181572,10,4,19,20,3.0,1
63,RUS,Mercedes,George,Russell,,4.0,,,0.5091687430261083,0.5757788477503799,0.7336321246767419,,2026,9,British Grand Prix,United Kingdom,Silverstone,0.8811298168574655,0.6386077044121989,0.01634284971852558,21,8,19,20,4.0,1
6,HAD,Red Bull Racing,Isack,Hadjar,,5.0,,,0.445930395462431,0.5914668785034491,0.7685016003723512,,2026,9,British Grand Prix,United Kingdom,Silverstone,0.9120041472587375,0.6273623119060734,-0.10321848342799274,9,11,19,20,5.0,1
1,NOR,McLaren,Lando,Norris,,6.0,,,0.5270966807698312,0.624527560761594,0.7857389638294259,,2026,9,British Grand Prix,United Kingdom,Silverstone,0.9272665520986114,0.6790148774850608,-0.007593967492532089,16,7,19,20,6.0,1
3,VER,Red Bull Racing,Max,Verstappen,,7.0,,,0.4702802810546517,0.5960995855714691,0.7878442906638784,,2026,9,British Grand Prix,United Kingdom,Silverstone,0.9291306626134058,0.6450499801190993,-0.08775161692238513,26,11,19,20,7.0,1
81,PIA,McLaren,Oscar,Piastri,,8.0,,,0.5079200309444564,0.6071549092565183,0.8061343175381784,,2026,9,British Grand Prix,United Kingdom,Silverstone,0.9453251227106763,0.6704378832007255,-0.053012543739156474,19,7,19,20,8.0,1
41,LIN,Racing Bulls,Arvid,Lindblad,,9.0,,,0.4802699777078696,0.6183155217385669,0.8420564566510149,,2026,9,British Grand Prix,United Kingdom,Silverstone,0.9771315083693461,0.6730681614479223,-0.12457748955478422,14,10,19,20,9.0,1
30,LAW,Racing Bulls,Liam,Lawson,,10.0,,,0.4480710447452636,0.629370845423616,0.8961370397109957,,2026,9,British Grand Prix,United Kingdom,Silverstone,0.976548973833472,0.6789767575104626,-0.2193427351288199,12,10,19,20,10.0,1
5,BOR,Audi,Gabriel,Bortoleto,,11.0,,,0.5344997595396268,0.6327400869276305,0.0,,2026,9,British Grand Prix,United Kingdom,Silverstone,0.23155306933243747,0.4575212234122949,0.7356056024575287,4,2,19,20,11.0,0
10,GAS,Alpine,Pierre,Gasly,,12.0,,,0.5412784822685958,0.69612394272191,0.0,,2026,9,British Grand Prix,United Kingdom,Silverstone,0.23155306933243747,0.4833665661890862,0.744934823524402,8,0,19,20,12.0,0
27,HUL,Audi,Nico,Hulkenberg,,13.0,,,0.46938834385347106,0.6974926970829152,0.0,,2026,9,British Grand Prix,United Kingdom,Silverstone,0.23155306933243747,0.45313742633363474,0.6459959790520271,11,2,19,20,13.0,0
87,BEA,Haas F1 Team,Oliver,Bearman,,14.0,,,0.56134706929515,0.7422404358081134,0.0,,2026,9,British Grand Prix,United Kingdom,Silverstone,0.23155306933243747,0.5086401093469192,0.7725542279986995,3,5,19,20,14.0,0
55,SAI,Williams,Carlos,Sainz,,15.0,,,0.5606335195342063,0.75508566904217,0.0,,2026,9,British Grand Prix,United Kingdom,Silverstone,0.23155306933243747,0.5129857864509827,0.7715722047285029,22,12,19,20,15.0,0
23,ALB,Williams,Alexander,Albon,,16.0,,,0.5674122422631765,0.8306830252885018,0.0,,2026,9,British Grand Prix,United Kingdom,Silverstone,0.23155306933243747,0.5432530462810308,0.7809014257953778,0,12,19,20,16.0,0
31,OCO,Haas F1 Team,Esteban,Ocon,,17.0,,,0.5711583785081336,1.4962437973119868e-15,0.0,,2026,9,British Grand Prix,United Kingdom,Silverstone,0.23155306933243747,0.2441039890566922,0.7860570479639137,17,5,19,20,17.0,0
77,BOT,Cadillac,Valtteri,Bottas,,18.0,,,0.6199473434126909,1.4962437973119868e-15,0.0,,2026,9,British Grand Prix,United Kingdom,Silverstone,0.23155306933243747,0.2649556151612732,0.8532028890636518,5,3,19,20,18.0,0
43,COL,Alpine,Franco,Colapinto,,19.0,,,0.6283315531037843,1.4962437973119868e-15,0.0,,2026,9,British Grand Prix,United Kingdom,Silverstone,0.23155306933243747,0.2685388927733934,0.8647416624884691,6,0,19,20,19.0,0
11,PER,Cadillac,Sergio,Perez,,20.0,,,0.6399267367191266,1.4962437973119868e-15,0.0,,2026,9,British Grand Prix,United Kingdom,Silverstone,0.23155306933243747,0.27349448947100863,0.8806995406291741,18,3,19,20,20.0,0
18,STR,Aston Martin,Lance,Stroll,,21.0,,,0.7658682695257729,1.4962437973119868e-15,0.0,,2026,9,British Grand Prix,United Kingdom,Silverstone,0.23155306933243747,0.3273198936020246,1.0540266478189935,24,1,19,20,21.0,0
14,ALO,Aston Martin,Fernando,Alonso,,22.0,,,0.7803176521848929,1.4962437973119868e-15,0.0,,2026,9,British Grand Prix,United Kingdom,Silverstone,0.23155306933243747,0.33349532948674654,1.0739126190404888,1,1,19,20,22.0,0
12,ANT,Mercedes,Kimi,Antonelli,,1.0,,,1.9647210616320945,2.283773712691902,2.823169007870225,,2026,10,Belgian Grand Prix,Belgium,Spa-Francorchamps,2.731259502790284,2.4844149943753493,0.07023137667060002,2,8,4,21,1.0,1
3,VER,Red Bull Racing,Max,Verstappen,,2.0,,,1.931362610307955,2.3308378049511096,2.8648807957778017,,2026,10,Belgian Grand Prix,Belgium,Spa-Francorchamps,2.768192192364635,2.4992817844681934,-0.014590883292687916,26,11,4,21,2.0,1
1,NOR,McLaren,Lando,Norris,,3.0,,,1.9255650185002826,2.3166238173560467,2.881065495817651,,2026,10,Belgian Grand Prix,Belgium,Spa-Francorchamps,2.7825225419471127,2.4963465464242214,-0.03766843014232585,16,7,4,21,3.0,1
63,RUS,Mercedes,George,Russell,,4.0,,,1.95410700893805,2.3413666846511556,2.890013134864071,,2026,10,Belgian Grand Prix,Belgium,Spa-Francorchamps,2.790445011634986,2.5200952905981757,-0.006734697131110606,21,8,4,21,4.0,1
16,LEC,Ferrari,Charles,Leclerc,,5.0,,,1.9624020249090264,2.310622355927021,2.893171125115749,,2026,10,Belgian Grand Prix,Belgium,Spa-Francorchamps,2.7932411774071766,2.513424295043694,0.0017352535743411857,13,4,4,21,5.0,1
44,HAM,Ferrari,Lewis,Hamilton,,6.0,,,1.9486661920108501,2.3259945202890893,2.893434290970055,,2026,10,Belgian Grand Prix,Belgium,Spa-Francorchamps,2.7934741912215255,2.513195575196112,-0.017414200194506343,10,4,4,21,6.0,1
81,PIA,McLaren,Oscar,Piastri,,7.0,,,1.9762270515273197,2.3394714863051487,2.9093558251555987,,2026,10,Belgian Grand Prix,Belgium,Spa-Francorchamps,2.8075715269896544,2.5344665210212582,0.005663346655129841,19,7,4,21,7.0,1
41,LIN,Racing Bulls,Arvid,Lindblad,,8.0,,,1.954642171258758,2.335049356831129,2.9260668569040593,,2026,10,Belgian Grand Prix,Belgium,Spa-Francorchamps,2.8223679042008296,2.528481685009523,-0.0396324766827193,14,10,4,21,8.0,1
5,BOR,Audi,Gabriel,Bortoleto,,9.0,,,1.9919251462680903,2.382745181872338,2.989884576573382,,2026,10,Belgian Grand Prix,Belgium,Spa-Francorchamps,2.8788737541805154,2.5801723705631057,-0.047856921570622345,4,2,4,21,9.0,1
6,HAD,Red Bull Racing,Isack,Hadjar,,10.0,,,1.943136181363533,2.3554753834492175,0.0,,2026,10,Belgian Grand Prix,Belgium,Spa-Francorchamps,0.23155306933243747,1.6832690065800315,2.6742422907357173,9,11,4,21,10.0,0
30,LAW,Racing Bulls,Liam,Lawson,,11.0,,,1.982292224495345,2.3867461561583565,0.0,,2026,10,Belgian Grand Prix,Belgium,Spa-Francorchamps,0.23155306933243747,1.711325307883453,2.7281308176877936,12,10,4,21,11.0,0
10,GAS,Alpine,Pierre,Gasly,,12.0,,,1.9981687066763525,2.408962092325454,0.0,,2026,10,Belgian Grand Prix,Belgium,Spa-Francorchamps,0.23155306933243747,1.7261539780016986,2.749980835449682,8,0,4,21,12.0,0
43,COL,Alpine,Franco,Colapinto,,13.0,,,2.0085151782100428,2.4153847089424816,0.0,,2026,10,Belgian Grand Prix,Belgium,Spa-Francorchamps,0.23155306933243747,1.7329012135053756,2.764220172867543,6,0,4,21,13.0,0
27,HUL,Audi,Nico,Hulkenberg,,14.0,,,2.017256162781609,2.4447602833056123,0.0,,2026,10,Belgian Grand Prix,Belgium,Spa-Francorchamps,0.23155306933243747,1.747272443928458,2.776249957927459,11,2,4,21,14.0,0
55,SAI,Williams,Carlos,Sainz,,15.0,,,2.0339353884436786,2.455920895787661,0.0,,2026,10,Belgian Grand Prix,Belgium,Spa-Francorchamps,0.23155306933243747,1.7584415964853901,2.79920475186832,22,12,4,21,15.0,0
87,BEA,Haas F1 Team,Oliver,Bearman,,16.0,,,2.0368787812075735,2.4561314733816615,0.0,,2026,10,Belgian Grand Prix,Belgium,Spa-Francorchamps,0.23155306933243747,1.7597757955962852,2.803255597857884,3,5,4,21,16.0,0
23,ALB,Williams,Alexander,Albon,,17.0,,,2.0375031372484,1.4962437973119868e-15,0.0,,2026,10,Belgian Grand Prix,Belgium,Spa-Francorchamps,0.23155306933243747,0.8707963714319894,2.8041148682193073,0,12,4,21,17.0,0
31,OCO,Haas F1 Team,Esteban,Ocon,,18.0,,,2.098244060648772,1.4962437973119868e-15,0.0,,2026,10,Belgian Grand Prix,Belgium,Spa-Francorchamps,0.23155306933243747,0.8967560741325707,2.88770959909485,17,5,4,21,18.0,0
77,BOT,Cadillac,Valtteri,Bottas,,19.0,,,2.100206322491368,1.4962437973119868e-15,0.0,,2026,10,Belgian Grand Prix,Belgium,Spa-Francorchamps,0.23155306933243747,0.8975947135737058,2.8904101630878913,5,3,4,21,19.0,0
11,PER,Cadillac,Sergio,Perez,,20.0,,,2.113406993068836,1.4962437973119868e-15,0.0,,2026,10,Belgian Grand Prix,Belgium,Spa-Francorchamps,0.23155306933243747,0.9032364698140677,2.908577593586542,18,3,4,21,20.0,0
14,ALO,Aston Martin,Fernando,Alonso,,21.0,,,2.2945594386285357,1.4962437973119868e-15,0.0,,2026,10,Belgian Grand Prix,Belgium,Spa-Francorchamps,0.23155306933243747,0.9806581382206498,3.1578887513078735,1,1,4,21,21.0,0
18,STR,Aston Martin,Lance,Stroll,,22.0,,,2.3101683396491905,1.4962437973119868e-15,0.0,,2026,10,Belgian Grand Prix,Belgium,Spa-Francorchamps,0.23155306933243747,0.9873291337751319,3.17937051034344,24,1,4,21,22.0,0
1,NOR,McLaren,Lando,Norris,,1.0,,,-0.5351113321156824,-0.6312519210629363,-0.7498337960489075,,2026,11,Hungarian Grand Prix,Hungary,Budapest,-0.4323690546290954,-0.6744729405573519,-0.03693191268967612,16,7,8,3,1.0,1
44,HAM,Ferrari,Lewis,Hamilton,,2.0,,,-0.4947065769022186,-0.594716708503776,-0.7482548009230686,,2026,11,Hungarian Grand Prix,Hungary,Budapest,-0.43097097174300003,-0.643519521184557,0.017202120079948806,10,4,8,3,2.0,1
16,LEC,Ferrari,Charles,Leclerc,,3.0,,,-0.47205137199224206,-0.6133528255728572,-0.7185170593864361,,2026,11,Hungarian Grand Prix,Hungary,Budapest,-0.4046404107215381,-0.6319691688816548,0.020639201525638223,13,4,8,3,3.0,1
12,ANT,Mercedes,Kimi,Antonelli,,4.0,,,-0.4950633517826911,-0.532596318273502,-0.714043239863225,,2026,11,Hungarian Grand Prix,Hungary,Budapest,-0.40067917587760066,-0.6112700226754622,-0.015204647836562397,2,8,8,3,4.0,1
81,PIA,McLaren,Oscar,Piastri,,5.0,,,-0.48034638796321705,-0.5815556088787179,-0.6870687397968106,,2026,11,Hungarian Grand Prix,Hungary,Budapest,-0.3767952599068057,-0.6148914202621807,-0.02011476418754778,19,7,8,3,5.0,1
3,VER,Red Bull Racing,Max,Verstappen,,6.0,,,-0.501306912190952,-0.5477579050415693,-0.6816738397835281,,2026,11,Hungarian Grand Prix,Hungary,Budapest,-0.372018476712647,-0.6100501834883587,-0.053994567009353206,26,11,8,3,6.0,1
63,RUS,Mercedes,George,Russell,,7.0,,,-0.4834681681673488,-0.5271213008294786,-0.6770684373331632,,2026,11,Hungarian Grand Prix,Hungary,Budapest,-0.36794073496153434,-0.5936204744370362,-0.03374033706153719,21,8,8,3,7.0,1
6,HAD,Red Bull Racing,Isack,Hadjar,,8.0,,,-0.492565927619386,-0.5874517815107437,-0.6644364763264534,,2026,11,Hungarian Grand Prix,Hungary,Budapest,-0.356756071872773,-0.615691939728719,-0.058045412998917106,9,11,8,3,8.0,1
41,LIN,Racing Bulls,Arvid,Lindblad,,9.0,,,-0.44984213568285397,-0.5360708485745175,-0.6085137322863241,,2026,11,Hungarian Grand Prix,Hungary,Budapest,-0.30724063632356213,-0.5626289350896431,-0.05141675592508701,14,10,8,3,9.0,1
27,HUL,Audi,Nico,Hulkenberg,,10.0,,,-0.488819791374429,-0.5066952742113884,-0.555222646789261,,2026,11,Hungarian Grand Prix,Hungary,Budapest,-0.2655311635550527,-0.5532133013641742,-0.15477470511334973,11,2,8,3,10.0,1
30,LAW,Racing Bulls,Liam,Lawson,,11.0,,,-0.4562640835313517,-0.4934288857893295,0.0,,2026,11,Hungarian Grand Prix,Hungary,Budapest,-0.25085129325105116,-0.3736467027015106,-0.627933708211384,12,10,8,3,11.0,0
10,GAS,Alpine,Pierre,Gasly,,12.0,,,-0.40453172586289965,-0.4851110708262935,0.0,,2026,11,Hungarian Grand Prix,Hungary,Budapest,-0.24164724758425768,-0.3485256394420628,-0.5567370211220819,8,0,8,3,12.0,0
43,COL,Alpine,Franco,Colapinto,,13.0,,,-0.4018559142593589,-0.4658432209752079,0.0,,2026,11,Hungarian Grand Prix,Hungary,Budapest,-0.2203264835713031,-0.34040608485289403,-0.553054433858842,6,0,8,3,13.0,0
5,BOR,Audi,Gabriel,Bortoleto,,14.0,,,-0.4644699057822096,-0.45763069480917146,0.0,,2026,11,Hungarian Grand Prix,Hungary,Budapest,-0.21543319346996928,-0.36419294900144517,-0.6392269758186524,4,2,8,3,14.0,0
31,OCO,Haas F1 Team,Esteban,Ocon,,15.0,,,-0.3805386151511515,-0.39140404149588076,0.0,,2026,11,Hungarian Grand Prix,Hungary,Budapest,-0.1379561001988541,-0.3043445888840956,-0.523716488661698,17,5,8,3,15.0,0
14,ALO,Aston Martin,Fernando,Alonso,,16.0,,,-0.3701921436174611,-0.38361267051784514,0.0,,2026,11,Hungarian Grand Prix,Hungary,Budapest,-0.12933458906793147,-0.2971017937106586,-0.5094771512438376,1,1,8,3,16.0,0
87,BEA,Haas F1 Team,Oliver,Bearman,,17.0,,,-0.3606484155648329,1.4962437973119868e-15,0.0,,2026,11,Hungarian Grand Prix,Hungary,Budapest,-0.07981915351872226,-0.15413538555855727,-0.4963425900049492,3,5,8,3,17.0,0
55,SAI,Williams,Carlos,Sainz,,18.0,,,-0.3260412521590415,1.4962437973119868e-15,0.0,,2026,11,Hungarian Grand Prix,Hungary,Budapest,-0.03461447353497437,-0.13934483541490653,-0.44871446140038257,22,12,8,3,18.0,0
23,ALB,Williams,Alexander,Albon,,19.0,,,-0.3227410845146742,1.4962437973119868e-15,0.0,,2026,11,Hungarian Grand Prix,Hungary,Budapest,-0.03030371796951306,-0.13793439635481647,-0.44417260377571943,0,12,8,3,19.0,0
18,STR,Aston Martin,Lance,Stroll,,20.0,,,-0.32265189079455575,1.4962437973119868e-15,0.0,,2026,11,Hungarian Grand Prix,Hungary,Budapest,-0.030187211062337894,-0.13789627638021815,-0.4440498508669442,24,1,8,3,20.0,0
77,BOT,Cadillac,Valtteri,Bottas,,21.0,,,-0.3024049163277659,1.4962437973119868e-15,0.0,,2026,11,Hungarian Grand Prix,Hungary,Budapest,-0.003740143133702473,-0.12924304214669105,-0.41618494057509786,5,3,8,3,21.0,0
11,PER,Cadillac,Sergio,Perez,,22.0,,,-0.26351645435630805,1.4962437973119868e-15,0.0,,2026,11,Hungarian Grand Prix,Hungary,Budapest,0.0470568683944286,-0.11262273322238356,-0.3626646723493457,18,3,8,3,22.0,0
1,NOR,McLaren,Lando,Norris,,1.0,,,-1.0329906778144768,-1.2448750299816393,-1.5451210077631012,,2026,12,Dutch Grand Prix,Netherlands,Zandvoort,-1.136536801592442,-1.3398189771740427,0.019779931164214996,16,7,13,26,1.0,1
63,RUS,Mercedes,George,Russell,,2.0,,,-1.0125653159074488,-1.2100244381744854,-1.5316995491934702,,2026,12,Dutch Grand Prix,Netherlands,Zandvoort,-1.1246530970606312,-1.314583553990803,0.035369550578597864,21,8,13,26,2.0,1
12,ANT,Mercedes,Kimi,Antonelli,,3.0,,,-1.0038243313358828,-1.2146571452425055,-1.5276204784517189,,2026,12,Dutch Grand Prix,Netherlands,Zandvoort,-1.1210413829382178,-1.3113433561500547,0.04359399546649916,2,8,13,26,3.0,1
81,PIA,McLaren,Oscar,Piastri,,4.0,,,-1.040572144024508,-1.2435062756206328,-1.5264362321073397,,2026,12,Dutch Grand Prix,Netherlands,Zandvoort,-1.119992820773646,-1.3371505789522493,-0.00808497912763307,19,7,13,26,4.0,1
44,HAM,Ferrari,Lewis,Hamilton,,5.0,,,-1.0349529396570725,-1.2088662614074808,-1.5015670588753778,,2026,12,Dutch Grand Prix,Netherlands,Zandvoort,-1.0979730153176455,-1.3150028737113715,-0.023551845633238946,10,4,13,26,5.0,1
16,LEC,Ferrari,Charles,Leclerc,,6.0,,,-1.000078195090927,-1.215183589227509,-1.4931457515375695,,2026,12,Dutch Grand Prix,Netherlands,Zandvoort,-1.0905165732584696,-1.2999454837455424,0.01658835553607258,13,4,13,26,6.0,1
3,VER,Red Bull Racing,Max,Verstappen,,7.0,,,-0.979920414344253,-1.2189739859195257,-1.4852507759083764,,2026,12,Dutch Grand Prix,Netherlands,Zandvoort,-1.0835261588279943,-1.2904154900962819,0.03696533839266907,26,11,13,26,7.0,1
30,LAW,Red Bull Racing,Liam,Lawson,,8.0,,,-0.9708226548922159,-1.174015669600327,-1.4701187392857524,,2026,12,Dutch Grand Prix,Netherlands,Zandvoort,-1.070127864502913,-1.2658662264557907,0.035369550578596115,12,11,13,26,8.0,1
5,BOR,Audi,Gabriel,Bortoleto,,9.0,,,-0.9931210849217211,-1.1601175483962651,-1.424591046490732,,2026,12,Dutch Grand Prix,Netherlands,Zandvoort,-1.029816474620499,-1.2571748722476652,-0.037791183051099346,4,2,13,26,9.0,1
41,LIN,Racing Bulls,Arvid,Lindblad,,10.0,,,-0.9991862578897464,-1.1504309790722227,-1.4106432562124873,,2026,12,Dutch Grand Prix,Netherlands,Zandvoort,-1.0174667424599892,-1.25221927555005,-0.05915018917789082,14,10,13,26,10.0,1
10,GAS,Alpine,Pierre,Gasly,,11.0,,,-0.9955293153649077,-1.140849698545181,0.0,,2026,12,Dutch Grand Prix,Netherlands,Zandvoort,-0.9672522654677324,-0.8385197929123817,-1.370097794662973,8,0,13,26,11.0,0
22,TSU,Racing Bulls,Yuki,Tsunoda,,12.0,,,-0.9982051269684485,-1.1396915217781765,0.0,,2026,12,Dutch Grand Prix,Netherlands,Zandvoort,-0.9659706894888122,-0.8392440724297251,-1.3737803819262129,25,10,13,26,12.0,0
27,HUL,Audi,Nico,Hulkenberg,,13.0,,,-0.9890181737962915,-1.1217924262880974,0.0,,2026,12,Dutch Grand Prix,Netherlands,Zandvoort,-0.9461645152691281,-0.8288373193647329,-1.361136832322422,11,2,13,26,13.0,0
43,COL,Alpine,Franco,Colapinto,,14.0,,,-0.9770662153004767,-1.1214765598970962,0.0,,2026,12,Dutch Grand Prix,Netherlands,Zandvoort,-0.9458149945476043,-0.8236148828449393,-1.3446879425466176,6,0,13,26,14.0,0
31,OCO,Haas F1 Team,Esteban,Ocon,,15.0,,,-0.9572652094342765,-1.0859942353079395,0.0,,2026,12,Dutch Grand Prix,Netherlands,Zandvoort,-0.9065521668297601,-0.8023058170451965,-1.317436796798644,17,5,13,26,15.0,0
23,ALB,Williams,Alexander,Albon,,16.0,,,-0.9565516596733314,-1.0812562394429184,0.0,,2026,12,Dutch Grand Prix,Netherlands,Zandvoort,-0.9013093560069024,-0.8002854583915532,-1.3164547735284455,0,12,13,26,16.0,0
55,SAI,Williams,Carlos,Sainz,,17.0,,,-0.9545893978307358,1.4962437973119868e-15,0.0,,2026,12,Dutch Grand Prix,Netherlands,Zandvoort,-0.8556386483944555,-0.40797629640022964,-1.3137542095354042,22,12,13,26,17.0,0
14,ALO,Aston Martin,Fernando,Alonso,,18.0,,,-0.9478106751017655,1.4962437973119868e-15,0.0,,2026,12,Dutch Grand Prix,Netherlands,Zandvoort,-0.8467841234491842,-0.4050791783308545,-1.304424988468529,1,1,13,26,18.0,0
18,STR,Aston Martin,Lance,Stroll,,19.0,,,-0.9328261301219387,1.4962437973119868e-15,0.0,,2026,12,Dutch Grand Prix,Netherlands,Zandvoort,-0.8272109630438506,-0.3986750225985509,-1.2838024997943873,24,1,13,26,19.0,0
87,BEA,Haas F1 Team,Oliver,Bearman,,20.0,,,-0.9321125803609949,1.4962437973119868e-15,0.0,,2026,12,Dutch Grand Prix,Netherlands,Zandvoort,-0.8262789077864542,-0.39837006280177584,-1.2828204765241906,3,5,13,26,20.0,0
77,BOT,Cadillac,Valtteri,Bottas,,21.0,,,-0.8835020028966732,1.4962437973119868e-15,0.0,,2026,12,Dutch Grand Prix,Netherlands,Zandvoort,-0.7627826433762911,-0.37759467664638985,-1.2159201412420013,5,3,13,26,21.0,0
11,PER,Cadillac,Sergio,Perez,,22.0,,,-0.8630766409896465,1.4962437973119868e-15,0.0,,2026,12,Dutch Grand Prix,Netherlands,Zandvoort,-0.7361025616333053,-0.3688652024636694,-1.1878097251326045,18,3,13,26,22.0,0
10,GAS,Alpine,Pierre,Gasly,,1.0,,,-0.14845655540406158,-0.14471239012379383,-0.1473155726142118,,2026,13,Italian Grand Prix,Italy,Monza,0.1011160733234478,-0.15851908438645,-0.06688362243069464,8,0,9,17,1.0,1
63,RUS,Mercedes,George,Russell,,2.0,,,-0.1335612041443519,-0.13586813117575455,-0.139420596985017,,2026,13,Italian Grand Prix,Italy,Monza,0.10810648775392472,-0.14666377228677108,-0.053749061191806204,21,8,9,17,2.0,1
81,PIA,McLaren,Oscar,Piastri,,3.0,,,-0.12062811472723795,-0.1510297179438219,-0.12363064572662923,,2026,13,Italian Grand Prix,Italy,Monza,0.12208731661487686,-0.14205125536053081,-0.050680238472437286,19,7,9,17,3.0,1
16,LEC,Ferrari,Charles,Leclerc,,4.0,,,-0.1225903765698349,-0.09922762981959327,-0.1186304944948046,,2026,13,Italian Grand Prix,Italy,Monza,0.12651457908751335,-0.12268630826523327,-0.05804541299891885,13,4,9,17,4.0,1
44,HAM,Ferrari,Lewis,Hamilton,,5.0,,,-0.12749603117632669,-0.0984906082405895,-0.11770941400473312,,2026,13,Italian Grand Prix,Italy,Monza,0.12733012743773456,-0.1242492272237133,-0.06565609334294742,10,4,9,17,5.0,1
3,VER,Red Bull Racing,Max,Verstappen,,6.0,,,-0.1467618747218187,-0.1330253336567419,-0.10994602130269217,,2026,13,Italian Grand Prix,Italy,Monza,0.13420403496103628,-0.14273741490327588,-0.0994131432559776,26,11,9,17,6.0,1
12,ANT,Mercedes,Kimi,Antonelli,,7.0,,,-0.13543427226683044,-0.16524370553888354,-0.10691961397816625,,2026,13,Italian Grand Prix,Italy,Monza,0.11230073641221085,-0.1486841309404145,-0.0866468407434149,2,8,9,17,7.0,1
43,COL,Alpine,Franco,Colapinto,,8.0,,,-0.1439968693981595,-0.11070410869264326,-0.09020858222970514,,2026,13,Italian Grand Prix,Italy,Monza,0.15168007103722855,-0.12775626488664016,-0.11402073940016198,6,0,9,17,8.0,1
1,NOR,McLaren,Lando,Norris,,9.0,,,-0.14426445055851359,-0.14576527809379902,-0.08547159685218825,,2026,13,Italian Grand Prix,Italy,Monza,0.13385451423951245,-0.13919225726575235,-0.11880810284237386,16,7,9,17,9.0,1
41,LIN,Racing Bulls,Arvid,Lindblad,,10.0,,,-0.13819927759048833,-0.11649499252766948,-0.08152410903759084,,2026,13,Italian Grand Prix,Italy,Monza,0.15936952691075315,-0.12485914681726502,-0.11414349230893722,14,10,9,17,10.0,1
5,BOR,Audi,Gabriel,Bortoleto,,11.0,,,-0.11866585288464225,-0.09838531944359002,0.0,,2026,13,Italian Grand Prix,Italy,Monza,0.18628262246808758,-0.08633645416363993,-0.1633139484993001,4,2,9,17,11.0,0
87,BEA,Haas F1 Team,Oliver,Bearman,,12.0,,,-0.12223360168936238,-0.07322129696047874,0.0,,2026,13,Italian Grand Prix,Italy,Monza,0.21412777328282004,-0.07875057921882793,-0.1682240648502855,3,5,9,17,12.0,0
27,HUL,Audi,Nico,Hulkenberg,,13.0,,,-0.07460415514633986,-0.07079965462946848,0.0,,2026,13,Italian Grand Prix,Italy,Monza,0.21680743214783563,-0.05751775336827855,-0.10267401156461858,11,2,9,17,13.0,0
30,LAW,Red Bull Racing,Liam,Lawson,,14.0,,,-0.11483052291956679,-0.06637752515544884,0.0,,2026,13,Italian Grand Prix,Italy,Monza,0.22170072224916945,-0.07310882297846763,-0.15803557342198898,12,11,9,17,14.0,0
55,SAI,Williams,Carlos,Sainz,,15.0,,,-0.05890606040556798,0.0001649945488447728,0.0,,2026,13,Italian Grand Prix,Italy,Monza,0.23155306933243747,-0.02511577496079696,-0.08106949962027836,22,12,9,17,15.0,0
31,OCO,Haas F1 Team,Esteban,Ocon,,16.0,,,-0.07228511842327165,0.000270283345844243,0.0,,2026,13,Italian Grand Prix,Italy,Monza,0.23155306933243747,-0.03079565117575557,-0.0994824359364779,17,5,9,17,16.0,0
22,TSU,Racing Bulls,Yuki,Tsunoda,,17.0,,,-0.046508133309163424,1.4962437973119868e-15,0.0,,2026,13,Italian Grand Prix,Italy,Monza,0.23155306933243747,-0.019876835027790717,-0.06400684530060127,25,10,9,17,17.0,0
23,ALB,Williams,Alexander,Albon,,18.0,,,0.0070972924817671625,1.4962437973119868e-15,0.0,,2026,13,Italian Grand Prix,Italy,Monza,0.23155306933243747,0.003033269705028737,0.009767652872968668,0,12,9,17,18.0,0
77,BOT,Cadillac,Valtteri,Bottas,,19.0,,,0.007810842242712204,1.4962437973119868e-15,0.0,,2026,13,Italian Grand Prix,Italy,Monza,0.23155306933243747,0.003338229501805409,0.010749676143167141,5,3,9,17,19.0,0
11,PER,Cadillac,Sergio,Perez,,20.0,,,0.028414591589974586,1.4962437973119868e-15,0.0,,2026,13,Italian Grand Prix,Italy,Monza,0.23155306933243747,0.012143943633720844,0.0391055980701127,18,3,9,17,20.0,0
14,ALO,Aston Martin,Fernando,Alonso,,21.0,,,0.07791710625547689,1.4962437973119868e-15,0.0,,2026,13,Italian Grand Prix,Italy,Monza,0.23155306933243747,0.033300529535076874,0.10723346244004928,1,1,9,17,21.0,0
18,STR,Aston Martin,Lance,Stroll,,22.0,,,0.08433905410397338,1.4962437973119868e-15,0.0,,2026,13,Italian Grand Prix,Italy,Monza,0.23155306933243747,0.03604516770606367,0.11607167187182332,24,1,9,17,22.0,0
1,NOR,McLaren,Lando,Norris,,1.0,,,0.8199196639172932,0.9919854622932134,1.1735138501500302,,2026,14,Spanish Grand Prix,Spain,Madrid,1.2706124075421894,1.0495410305682624,0.03365100985575141,16,7,17,8,1.0,1
12,ANT,Mercedes,Kimi,Antonelli,,2.0,,,0.8019025324534531,0.9622940215390815,1.1749612623487151,,2026,14,Spanish Grand Prix,Spain,Madrid,1.2718939835211096,1.0315102825838631,0.007504640286749796,2,8,17,8,2.0,1
3,VER,Red Bull Racing,Max,Verstappen,,3.0,,,0.8120706165469079,0.9454478140190077,1.191935459951484,,2026,14,Spanish Grand Prix,Spain,Madrid,1.286923374546635,1.0346742404754183,0.005663346655129841,26,11,17,8,3.0,1
44,HAM,Ferrari,Lewis,Hamilton,,4.0,,,0.8254496745646116,0.9748233883821367,1.1983830233819939,,2026,14,Spanish Grand Prix,Spain,Madrid,1.2926322129981918,1.0528955883328026,0.018061390441370288,10,4,17,8,4.0,1
16,LEC,Ferrari,Charles,Leclerc,,5.0,,,0.8255388682847288,0.9795613842471577,1.1991725209449133,,2026,14,Spanish Grand Prix,Spain,Madrid,1.2933312544412394,1.0548778270118477,0.017447625897495808,13,4,17,8,5.0,1
63,RUS,Mercedes,George,Russell,,6.0,,,0.7969076841268442,0.9895638199622017,1.2162783014748342,,2026,14,Spanish Grand Prix,Spain,Madrid,1.3084771523739382,1.0512183094505325,-0.03791393595987459,21,8,17,8,6.0,1
81,PIA,McLaren,Oscar,Piastri,,7.0,,,0.8520294031597807,1.0268360541003656,1.2353578259120537,,2026,14,Spanish Grand Prix,Spain,Madrid,1.3253706539142562,1.093798321075423,0.02014818989053899,19,7,17,8,7.0,1
30,LAW,Red Bull Racing,Liam,Lawson,,8.0,,,0.8057378624185286,0.9821936041721698,1.2382526503094258,,2026,14,Spanish Grand Prix,Spain,Madrid,1.3279338058720984,1.0586898244715528,-0.04626113375655114,12,11,17,8,8.0,1
43,COL,Alpine,Franco,Colapinto,,9.0,,,0.8639813616555956,1.009358113798289,1.3154918285483792,,2026,14,Spanish Grand Prix,Spain,Madrid,1.3963233603835954,1.1157935464179138,-0.038159441777425085,6,0,17,8,9.0,1
41,LIN,Racing Bulls,Arvid,Lindblad,,10.0,,,0.8976073941400904,1.0268360541003656,1.3336502724955253,,2026,14,Spanish Grand Prix,Spain,Madrid,1.4124013135736906,1.1417532491184952,-0.008821496580279307,14,10,17,8,10.0,1
27,HUL,Audi,Nico,Hulkenberg,,11.0,,,0.9044753105891778,1.028836541243375,0.0,,2026,14,Spanish Grand Prix,Spain,Madrid,0.23155306933243747,0.7590502224748596,1.2447846680548138,11,2,17,8,11.0,0
5,BOR,Audi,Gabriel,Bortoleto,,12.0,,,0.866032817218311,1.0462091927484523,0.0,,2026,14,Spanish Grand Prix,Spain,Madrid,0.23155306933243747,0.7489103092320492,1.191878164372936,4,2,17,8,12.0,0
31,OCO,Haas F1 Team,Esteban,Ocon,,13.0,,,0.9267737406186831,1.0755847671115812,0.0,,2026,14,Spanish Grand Prix,Spain,Madrid,0.23155306933243747,0.7855054848452043,1.2754728952484784,17,5,17,8,13.0,0
10,GAS,Alpine,Pierre,Gasly,,14.0,,,0.8892231844489957,1.084639603653621,0.0,,2026,14,Spanish Grand Prix,Spain,Madrid,0.23155306933243747,0.7727352933551954,1.2237939206543462,8,0,17,8,14.0,0
22,TSU,Racing Bulls,Yuki,Tsunoda,,15.0,,,0.8950207762566681,1.1194901954607748,0.0,,2026,14,Spanish Grand Prix,Spain,Madrid,0.23155306933243747,0.7878308032956244,1.2317728597247006,25,10,17,8,15.0,0
23,ALB,Williams,Alexander,Albon,,16.0,,,0.9838577214942167,1.2719483735174455,0.0,,2026,14,Spanish Grand Prix,Spain,Madrid,0.23155306933243747,0.8809960212107824,1.3540347568642603,0,12,17,8,16.0,0
55,SAI,Williams,Carlos,Sainz,,17.0,,,0.9843036900948063,1.4962437973119868e-15,0.0,,2026,14,Spanish Grand Prix,Spain,Madrid,0.23155306933243747,0.4206757113901692,1.354648521408133,22,12,17,8,17.0,0
14,ALO,Aston Martin,Fernando,Alonso,,18.0,,,0.9910824128237766,1.4962437973119868e-15,0.0,,2026,14,Spanish Grand Prix,Spain,Madrid,0.23155306933243747,0.42357282945954594,1.3639777424750081,1,1,17,8,18.0,0
11,PER,Cadillac,Sergio,Perez,,19.0,,,1.037909115885737,1.4962437973119868e-15,0.0,,2026,14,Spanish Grand Prix,Spain,Madrid,0.23155306933243747,0.44358581612298864,1.428423019581703,18,3,17,8,19.0,0
77,BOT,Cadillac,Valtteri,Bottas,,20.0,,,1.2250375406933451,1.4962437973119868e-15,0.0,,2026,14,Spanish Grand Prix,Spain,Madrid,0.23155306933243747,0.5235615228275742,1.6859586221909375,5,3,17,8,20.0,0
18,STR,Aston Martin,Lance,Stroll,,,,,-1.2675189981055877e-15,1.4962437973119868e-15,0.0,,2026,14,Spanish Grand Prix,Spain,Madrid,0.23155306933243747,0.0,-4.633625592485486e-16,24,1,17,8,,0
87,BEA,Haas F1 Team,Oliver,Bearman,,,,,-1.2675189981055877e-15,1.4962437973119868e-15,0.0,,2026,14,Spanish Grand Prix,Spain,Madrid,0.23155306933243747,0.0,-4.633625592485486e-16,3,5,17,8,,0
